gene_index_978	pr_gene_id	gene_symbol	signed_log2fc	direction	n_pairs	n_probes	comparison	role
0	5720	PSME1	0.4173075155	up	30	2	tumor_vs_normal	CRC_DISEASE_SIGNATURE
1	466	ATF1	0.4787563849	up	30	1	tumor_vs_normal	CRC_DISEASE_SIGNATURE
2	6009	RHEB	0.7568057469	up	30	1	tumor_vs_normal	CRC_DISEASE_SIGNATURE
3	2309	FOXO3	0.05537442715	up	30	3	tumor_vs_normal	CRC_DISEASE_SIGNATURE
4	387	RHOA	0.06113951504	up	30	1	tumor_vs_normal	CRC_DISEASE_SIGNATURE
5	3553	IL1B	1.789082669	up	30	1	tumor_vs_normal	CRC_DISEASE_SIGNATURE
6	427	ASAH1	0.1624892602	up	30	2	tumor_vs_normal	CRC_DISEASE_SIGNATURE
7	5898	RALA	0.2680332645	up	30	1	tumor_vs_normal	CRC_DISEASE_SIGNATURE
8	23365	ARHGEF12	-0.2056362836	down	30	1	tumor_vs_normal	CRC_DISEASE_SIGNATURE
9	6657	SOX2	0.009196605548	up	30	1	tumor_vs_normal	CRC_DISEASE_SIGNATURE
10	5054	SERPINE1	1.049873754	up	30	1	tumor_vs_normal	CRC_DISEASE_SIGNATURE
11	3108	HLA-DMA	-0.639430355	down	30	1	tumor_vs_normal	CRC_DISEASE_SIGNATURE
12	1950	EGF	-0.09383651478	down	30	1	tumor_vs_normal	CRC_DISEASE_SIGNATURE
13	351	APP	-0.03332225675	down	30	2	tumor_vs_normal	CRC_DISEASE_SIGNATURE
14	4846	NOS3	0.690343859	up	30	1	tumor_vs_normal	CRC_DISEASE_SIGNATURE
15	1452	CSNK1A1	0.2513593104	up	30	2	tumor_vs_normal	CRC_DISEASE_SIGNATURE
16	4776	NFATC4	-0.1142049329	down	30	1	tumor_vs_normal	CRC_DISEASE_SIGNATURE
17	6908	TBP	0.5759586211	up	30	1	tumor_vs_normal	CRC_DISEASE_SIGNATURE
18	672	BRCA1	1.344156541	up	30	1	tumor_vs_normal	CRC_DISEASE_SIGNATURE
20	2115	ETV1	-0.0294839137	down	30	1	tumor_vs_normal	CRC_DISEASE_SIGNATURE
23	2185	PTK2B	-0.2571531307	down	30	2	tumor_vs_normal	CRC_DISEASE_SIGNATURE
24	3315	HSPB1	-0.2657352279	down	30	1	tumor_vs_normal	CRC_DISEASE_SIGNATURE
25	5289	PIK3C3	0.07926816452	up	30	1	tumor_vs_normal	CRC_DISEASE_SIGNATURE
26	868	CBLB	0.225474921	up	30	1	tumor_vs_normal	CRC_DISEASE_SIGNATURE
27	1677	DFFB	0.810814472	up	30	1	tumor_vs_normal	CRC_DISEASE_SIGNATURE
28	7043	TGFB3	-0.02186540725	down	30	1	tumor_vs_normal	CRC_DISEASE_SIGNATURE
29	5613	PRKX	0.4725576258	up	30	1	tumor_vs_normal	CRC_DISEASE_SIGNATURE
30	595	CCND1	1.361009993	up	30	1	tumor_vs_normal	CRC_DISEASE_SIGNATURE
31	4793	NFKBIB	0.4834956486	up	30	2	tumor_vs_normal	CRC_DISEASE_SIGNATURE
32	2736	GLI2	0.004148021973	up	30	1	tumor_vs_normal	CRC_DISEASE_SIGNATURE
33	5290	PIK3CA	0.1270044227	up	30	1	tumor_vs_normal	CRC_DISEASE_SIGNATURE
34	6194	RPS6	0.7247367734	up	30	1	tumor_vs_normal	CRC_DISEASE_SIGNATURE
35	1676	DFFA	0.3682434078	up	30	2	tumor_vs_normal	CRC_DISEASE_SIGNATURE
36	23512	SUZ12	0.8225322277	up	30	1	tumor_vs_normal	CRC_DISEASE_SIGNATURE
37	148022	TICAM1	-0.01638817322	down	30	2	tumor_vs_normal	CRC_DISEASE_SIGNATURE
38	1906	EDN1	0.2478918431	up	30	1	tumor_vs_normal	CRC_DISEASE_SIGNATURE
39	8878	SQSTM1	0.4202856839	up	30	1	tumor_vs_normal	CRC_DISEASE_SIGNATURE
40	3091	HIF1A	0.6611429852	up	30	2	tumor_vs_normal	CRC_DISEASE_SIGNATURE
41	5743	PTGS2	1.11107118	up	30	1	tumor_vs_normal	CRC_DISEASE_SIGNATURE
42	5321	PLA2G4A	-0.03380073904	down	30	1	tumor_vs_normal	CRC_DISEASE_SIGNATURE
43	4144	MAT2A	0.5983508446	up	30	1	tumor_vs_normal	CRC_DISEASE_SIGNATURE
44	1981	EIF4G1	0.05313215008	up	30	3	tumor_vs_normal	CRC_DISEASE_SIGNATURE
45	695	BTK	-0.7390811502	down	30	1	tumor_vs_normal	CRC_DISEASE_SIGNATURE
46	10398	MYL9	-1.368387452	down	30	2	tumor_vs_normal	CRC_DISEASE_SIGNATURE
47	5708	PSMD2	0.4091822662	up	30	1	tumor_vs_normal	CRC_DISEASE_SIGNATURE
48	1213	CLTC	0.2467030631	up	30	1	tumor_vs_normal	CRC_DISEASE_SIGNATURE
49	226	ALDOA	0.05613134364	up	30	4	tumor_vs_normal	CRC_DISEASE_SIGNATURE
50	6777	STAT5B	0.1098289195	up	30	1	tumor_vs_normal	CRC_DISEASE_SIGNATURE
51	2113	ETS1	0.08117119232	up	30	1	tumor_vs_normal	CRC_DISEASE_SIGNATURE
52	3329	HSPD1	0.3246178573	up	30	3	tumor_vs_normal	CRC_DISEASE_SIGNATURE
53	1050	CEBPA	0.2136581688	up	30	1	tumor_vs_normal	CRC_DISEASE_SIGNATURE
54	9491	PSMF1	0.2723937242	up	30	1	tumor_vs_normal	CRC_DISEASE_SIGNATURE
55	22926	ATF6	0.4895404692	up	30	1	tumor_vs_normal	CRC_DISEASE_SIGNATURE
56	5899	RALB	-0.1404471937	down	30	1	tumor_vs_normal	CRC_DISEASE_SIGNATURE
57	5467	PPARD	-0.02306702335	down	30	3	tumor_vs_normal	CRC_DISEASE_SIGNATURE
58	6774	STAT3	0.1969728386	up	30	1	tumor_vs_normal	CRC_DISEASE_SIGNATURE
59	1788	DNMT3A	0.02937767957	up	30	3	tumor_vs_normal	CRC_DISEASE_SIGNATURE
60	5921	RASA1	0.09005990238	up	30	3	tumor_vs_normal	CRC_DISEASE_SIGNATURE
61	5721	PSME2	0.6406517412	up	30	1	tumor_vs_normal	CRC_DISEASE_SIGNATURE
63	808	CALM3	-0.05240727047	down	30	1	tumor_vs_normal	CRC_DISEASE_SIGNATURE
64	30001	ERO1A	1.365896748	up	30	1	tumor_vs_normal	CRC_DISEASE_SIGNATURE
65	348	APOE	-0.6636859971	down	30	1	tumor_vs_normal	CRC_DISEASE_SIGNATURE
66	30849	PIK3R4	0.6089579361	up	30	1	tumor_vs_normal	CRC_DISEASE_SIGNATURE
67	1454	CSNK1E	0.4862432638	up	30	2	tumor_vs_normal	CRC_DISEASE_SIGNATURE
68	6500	SKP1	0.1785458857	up	30	2	tumor_vs_normal	CRC_DISEASE_SIGNATURE
69	5627	PROS1	0.05409274073	up	30	1	tumor_vs_normal	CRC_DISEASE_SIGNATURE
70	5715	PSMD9	0.04069348895	up	30	1	tumor_vs_normal	CRC_DISEASE_SIGNATURE
71	4791	NFKB2	0.3720772499	up	30	1	tumor_vs_normal	CRC_DISEASE_SIGNATURE
72	56924	PAK6	0.7793637512	up	30	1	tumor_vs_normal	CRC_DISEASE_SIGNATURE
73	2690	GHR	-1.535124912	down	30	1	tumor_vs_normal	CRC_DISEASE_SIGNATURE
74	1019	CDK4	1.970404409	up	30	1	tumor_vs_normal	CRC_DISEASE_SIGNATURE
75	51422	PRKAG2	-0.3038680996	down	30	1	tumor_vs_normal	CRC_DISEASE_SIGNATURE
76	5788	PTPRC	0.0332802789	up	30	3	tumor_vs_normal	CRC_DISEASE_SIGNATURE
77	6709	SPTAN1	0.05819756677	up	30	1	tumor_vs_normal	CRC_DISEASE_SIGNATURE
78	1277	COL1A1	2.053032518	up	30	1	tumor_vs_normal	CRC_DISEASE_SIGNATURE
79	993	CDC25A	1.128412872	up	30	2	tumor_vs_normal	CRC_DISEASE_SIGNATURE
80	7157	TP53	0.2899896181	up	30	1	tumor_vs_normal	CRC_DISEASE_SIGNATURE
81	1958	EGR1	-0.1266549662	down	30	1	tumor_vs_normal	CRC_DISEASE_SIGNATURE
82	4582	MUC1	-0.005702511784	down	30	2	tumor_vs_normal	CRC_DISEASE_SIGNATURE
83	9212	AURKB	1.966904873	up	30	1	tumor_vs_normal	CRC_DISEASE_SIGNATURE
85	6790	AURKA	2.638990763	up	30	1	tumor_vs_normal	CRC_DISEASE_SIGNATURE
86	8851	CDK5R1	0.542076027	up	30	1	tumor_vs_normal	CRC_DISEASE_SIGNATURE
87	2534	FYN	-0.03883116236	down	30	3	tumor_vs_normal	CRC_DISEASE_SIGNATURE
88	4893	NRAS	0.5963989122	up	30	1	tumor_vs_normal	CRC_DISEASE_SIGNATURE
89	665	BNIP3L	0.3040167752	up	30	1	tumor_vs_normal	CRC_DISEASE_SIGNATURE
90	4313	MMP2	0.1180062009	up	30	1	tumor_vs_normal	CRC_DISEASE_SIGNATURE
91	1022	CDK7	1.356688734	up	30	1	tumor_vs_normal	CRC_DISEASE_SIGNATURE
92	5880	RAC2	-0.213141612	down	30	1	tumor_vs_normal	CRC_DISEASE_SIGNATURE
93	3162	HMOX1	-1.077462966	down	30	1	tumor_vs_normal	CRC_DISEASE_SIGNATURE
94	1282	COL4A1	1.343914409	up	30	1	tumor_vs_normal	CRC_DISEASE_SIGNATURE
95	3383	ICAM1	0.2056240319	up	30	1	tumor_vs_normal	CRC_DISEASE_SIGNATURE
96	727	C5	0.09390722323	up	30	1	tumor_vs_normal	CRC_DISEASE_SIGNATURE
97	4792	NFKBIA	-0.190958739	down	30	1	tumor_vs_normal	CRC_DISEASE_SIGNATURE
98	4794	NFKBIE	0.3258096776	up	30	1	tumor_vs_normal	CRC_DISEASE_SIGNATURE
99	902	CCNH	0.7223982645	up	30	1	tumor_vs_normal	CRC_DISEASE_SIGNATURE
100	8091	HMGA2	0.103510587	up	30	1	tumor_vs_normal	CRC_DISEASE_SIGNATURE
101	3486	IGFBP3	-0.3150909382	down	30	1	tumor_vs_normal	CRC_DISEASE_SIGNATURE
102	10818	FRS2	0.02663481664	up	30	1	tumor_vs_normal	CRC_DISEASE_SIGNATURE
103	3454	IFNAR1	-0.28213614	down	30	1	tumor_vs_normal	CRC_DISEASE_SIGNATURE
104	4282	MIF	1.769218293	up	30	1	tumor_vs_normal	CRC_DISEASE_SIGNATURE
105	1605	DAG1	0.4196417226	up	30	1	tumor_vs_normal	CRC_DISEASE_SIGNATURE
106	10644	IGF2BP2	0.3990285937	up	30	1	tumor_vs_normal	CRC_DISEASE_SIGNATURE
107	2065	ERBB3	0.0553472725	up	30	3	tumor_vs_normal	CRC_DISEASE_SIGNATURE
108	8321	FZD1	-0.5353641717	down	30	1	tumor_vs_normal	CRC_DISEASE_SIGNATURE
109	8503	PIK3R3	0.05467576965	up	30	1	tumor_vs_normal	CRC_DISEASE_SIGNATURE
110	7027	TFDP1	1.81182557	up	30	1	tumor_vs_normal	CRC_DISEASE_SIGNATURE
111	6850	SYK	0.2186937138	up	30	1	tumor_vs_normal	CRC_DISEASE_SIGNATURE
112	1978	EIF4EBP1	0.9172895652	up	30	1	tumor_vs_normal	CRC_DISEASE_SIGNATURE
113	896	CCND3	-0.03325776225	down	30	1	tumor_vs_normal	CRC_DISEASE_SIGNATURE
114	5777	PTPN6	0.1084120567	up	30	3	tumor_vs_normal	CRC_DISEASE_SIGNATURE
115	1846	DUSP4	0.5085301532	up	30	2	tumor_vs_normal	CRC_DISEASE_SIGNATURE
116	5925	RB1	0.474888562	up	30	1	tumor_vs_normal	CRC_DISEASE_SIGNATURE
117	142	PARP1	0.8116829668	up	30	1	tumor_vs_normal	CRC_DISEASE_SIGNATURE
118	1021	CDK6	1.174979119	up	30	1	tumor_vs_normal	CRC_DISEASE_SIGNATURE
119	5699	PSMB10	-0.03362677117	down	30	1	tumor_vs_normal	CRC_DISEASE_SIGNATURE
120	8061	FOSL1	0.9581526706	up	30	1	tumor_vs_normal	CRC_DISEASE_SIGNATURE
121	1870	E2F2	-0.09602468868	down	30	1	tumor_vs_normal	CRC_DISEASE_SIGNATURE
122	1398	CRK	-0.3580493525	down	30	2	tumor_vs_normal	CRC_DISEASE_SIGNATURE
123	3312	HSPA8	0.916083626	up	30	2	tumor_vs_normal	CRC_DISEASE_SIGNATURE
124	891	CCNB1	2.461068254	up	30	1	tumor_vs_normal	CRC_DISEASE_SIGNATURE
125	4775	NFATC3	0.2493283447	up	30	3	tumor_vs_normal	CRC_DISEASE_SIGNATURE
126	5111	PCNA	0.3783280061	up	30	3	tumor_vs_normal	CRC_DISEASE_SIGNATURE
127	5696	PSMB8	0.3781338609	up	30	2	tumor_vs_normal	CRC_DISEASE_SIGNATURE
128	5588	PRKCQ	-0.05381107853	down	30	1	tumor_vs_normal	CRC_DISEASE_SIGNATURE
129	6839	SUV39H1	1.382038205	up	30	1	tumor_vs_normal	CRC_DISEASE_SIGNATURE
130	329	BIRC2	0.04359432072	up	30	1	tumor_vs_normal	CRC_DISEASE_SIGNATURE
131	5058	PAK1	0.02777972945	up	30	1	tumor_vs_normal	CRC_DISEASE_SIGNATURE
132	998	CDC42	-0.01439210036	down	30	3	tumor_vs_normal	CRC_DISEASE_SIGNATURE
133	9134	CCNE2	0.3766587571	up	30	2	tumor_vs_normal	CRC_DISEASE_SIGNATURE
134	6616	SNAP25	-0.6449092867	down	30	1	tumor_vs_normal	CRC_DISEASE_SIGNATURE
136	4690	NCK1	0.02606808044	up	30	1	tumor_vs_normal	CRC_DISEASE_SIGNATURE
137	958	CD40	0.0316445529	up	30	1	tumor_vs_normal	CRC_DISEASE_SIGNATURE
138	1616	DAXX	0.3084795538	up	30	1	tumor_vs_normal	CRC_DISEASE_SIGNATURE
139	991	CDC20	2.867798404	up	30	1	tumor_vs_normal	CRC_DISEASE_SIGNATURE
140	6347	CCL2	-0.207282861	down	30	1	tumor_vs_normal	CRC_DISEASE_SIGNATURE
141	6714	SRC	0.1288249078	up	30	3	tumor_vs_normal	CRC_DISEASE_SIGNATURE
142	652	BMP4	0.4562484189	up	30	2	tumor_vs_normal	CRC_DISEASE_SIGNATURE
143	4331	MNAT1	1.138388576	up	30	1	tumor_vs_normal	CRC_DISEASE_SIGNATURE
144	7099	TLR4	-0.1452899442	down	30	1	tumor_vs_normal	CRC_DISEASE_SIGNATURE
145	10320	IKZF1	-0.6103324085	down	30	1	tumor_vs_normal	CRC_DISEASE_SIGNATURE
146	2042	EPHA3	0.01692221075	up	30	3	tumor_vs_normal	CRC_DISEASE_SIGNATURE
147	843	CASP10	0.0265535249	up	30	1	tumor_vs_normal	CRC_DISEASE_SIGNATURE
148	840	CASP7	-0.5221665557	down	30	2	tumor_vs_normal	CRC_DISEASE_SIGNATURE
149	7048	TGFBR2	0.1048879233	up	30	2	tumor_vs_normal	CRC_DISEASE_SIGNATURE
150	4851	NOTCH1	1.156364785	up	30	1	tumor_vs_normal	CRC_DISEASE_SIGNATURE
151	6464	SHC1	0.141633324	up	30	3	tumor_vs_normal	CRC_DISEASE_SIGNATURE
152	23410	SIRT3	0.04847557353	up	30	2	tumor_vs_normal	CRC_DISEASE_SIGNATURE
153	54205	CYCS	-0.5119855051	down	30	1	tumor_vs_normal	CRC_DISEASE_SIGNATURE
154	2770	GNAI1	-0.4020854565	down	30	1	tumor_vs_normal	CRC_DISEASE_SIGNATURE
155	80204	FBXO11	0.2176660069	up	30	1	tumor_vs_normal	CRC_DISEASE_SIGNATURE
156	4208	MEF2C	-0.8049659665	down	30	1	tumor_vs_normal	CRC_DISEASE_SIGNATURE
157	1845	DUSP3	-0.5129465414	down	30	1	tumor_vs_normal	CRC_DISEASE_SIGNATURE
158	23368	PPP1R13B	-0.4397369681	down	30	1	tumor_vs_normal	CRC_DISEASE_SIGNATURE
159	5583	PRKCH	-0.1183197757	down	30	1	tumor_vs_normal	CRC_DISEASE_SIGNATURE
160	8900	CCNA1	-0.01854328905	down	30	1	tumor_vs_normal	CRC_DISEASE_SIGNATURE
161	581	BAX	0.04614692824	up	30	1	tumor_vs_normal	CRC_DISEASE_SIGNATURE
162	6193	RPS5	1.197722693	up	30	1	tumor_vs_normal	CRC_DISEASE_SIGNATURE
163	6622	SNCA	-0.4019430354	down	30	2	tumor_vs_normal	CRC_DISEASE_SIGNATURE
164	11261	CHP1	-0.6191327399	down	30	1	tumor_vs_normal	CRC_DISEASE_SIGNATURE
165	6696	SPP1	1.068139989	up	30	1	tumor_vs_normal	CRC_DISEASE_SIGNATURE
166	8312	AXIN1	0.5594194311	up	30	2	tumor_vs_normal	CRC_DISEASE_SIGNATURE
167	835	CASP2	1.141712476	up	30	1	tumor_vs_normal	CRC_DISEASE_SIGNATURE
168	8324	FZD7	-0.1239135563	down	30	1	tumor_vs_normal	CRC_DISEASE_SIGNATURE
169	1848	DUSP6	0.3501779662	up	30	1	tumor_vs_normal	CRC_DISEASE_SIGNATURE
170	154	ADRB2	-0.5624636097	down	30	1	tumor_vs_normal	CRC_DISEASE_SIGNATURE
171	4312	MMP1	3.939892845	up	30	1	tumor_vs_normal	CRC_DISEASE_SIGNATURE
172	994	CDC25B	1.775644022	up	30	1	tumor_vs_normal	CRC_DISEASE_SIGNATURE
173	2048	EPHB2	1.564423272	up	30	1	tumor_vs_normal	CRC_DISEASE_SIGNATURE
174	1111	CHEK1	1.966913516	up	30	1	tumor_vs_normal	CRC_DISEASE_SIGNATURE
176	2920	CXCL2	2.923883799	up	30	1	tumor_vs_normal	CRC_DISEASE_SIGNATURE
177	3122	HLA-DRA	-0.7768060307	down	30	1	tumor_vs_normal	CRC_DISEASE_SIGNATURE
178	2769	GNA15	0.6076375669	up	30	1	tumor_vs_normal	CRC_DISEASE_SIGNATURE
179	5900	RALGDS	-0.08011046927	down	30	1	tumor_vs_normal	CRC_DISEASE_SIGNATURE
180	6304	SATB1	-0.01560530386	down	30	1	tumor_vs_normal	CRC_DISEASE_SIGNATURE
181	5211	PFKL	0.03484276025	up	30	2	tumor_vs_normal	CRC_DISEASE_SIGNATURE
182	2886	GRB7	0.445472456	up	30	2	tumor_vs_normal	CRC_DISEASE_SIGNATURE
183	9261	MAPKAPK2	0.1947119718	up	30	2	tumor_vs_normal	CRC_DISEASE_SIGNATURE
184	8569	MKNK1	-0.1640904624	down	30	2	tumor_vs_normal	CRC_DISEASE_SIGNATURE
185	3303	HSPA1A	-0.195614332	down	30	1	tumor_vs_normal	CRC_DISEASE_SIGNATURE
186	5331	PLCB3	0.1869292636	up	30	1	tumor_vs_normal	CRC_DISEASE_SIGNATURE
187	5347	PLK1	0.8556530662	up	30	1	tumor_vs_normal	CRC_DISEASE_SIGNATURE
188	4638	MYLK	-1.862465151	down	30	1	tumor_vs_normal	CRC_DISEASE_SIGNATURE
189	2264	FGFR4	1.503363093	up	30	1	tumor_vs_normal	CRC_DISEASE_SIGNATURE
190	1029	CDKN2A	0.1071413898	up	30	3	tumor_vs_normal	CRC_DISEASE_SIGNATURE
191	1027	CDKN1B	0.6787336064	up	30	1	tumor_vs_normal	CRC_DISEASE_SIGNATURE
192	2597	GAPDH	1.013180317	up	30	2	tumor_vs_normal	CRC_DISEASE_SIGNATURE
193	55847	CISD1	0.5365797118	up	30	1	tumor_vs_normal	CRC_DISEASE_SIGNATURE
194	25803	SPDEF	-0.0006484023092	down	30	1	tumor_vs_normal	CRC_DISEASE_SIGNATURE
195	3480	IGF1R	0.07705595776	up	30	1	tumor_vs_normal	CRC_DISEASE_SIGNATURE
196	2946	GSTM2	-0.6657234293	down	30	1	tumor_vs_normal	CRC_DISEASE_SIGNATURE
197	9517	SPTLC2	0.2577188293	up	30	1	tumor_vs_normal	CRC_DISEASE_SIGNATURE
198	25987	TSKU	0.05021656402	up	30	1	tumor_vs_normal	CRC_DISEASE_SIGNATURE
199	23670	TMEM2	0.3114983334	up	30	1	tumor_vs_normal	CRC_DISEASE_SIGNATURE
200	11182	SLC2A6	-0.2127111708	down	30	1	tumor_vs_normal	CRC_DISEASE_SIGNATURE
201	2146	EZH2	1.481436506	up	30	2	tumor_vs_normal	CRC_DISEASE_SIGNATURE
202	3385	ICAM3	-0.5360087676	down	30	1	tumor_vs_normal	CRC_DISEASE_SIGNATURE
203	5261	PHKG2	0.4180487622	up	30	1	tumor_vs_normal	CRC_DISEASE_SIGNATURE
204	10765	KDM5B	0.5485773975	up	30	1	tumor_vs_normal	CRC_DISEASE_SIGNATURE
205	25839	COG4	0.2865738947	up	30	1	tumor_vs_normal	CRC_DISEASE_SIGNATURE
206	4172	MCM3	1.667031033	up	30	1	tumor_vs_normal	CRC_DISEASE_SIGNATURE
207	23161	SNX13	0.3146041227	up	30	1	tumor_vs_normal	CRC_DISEASE_SIGNATURE
208	10298	PAK4	0.01590903244	up	30	2	tumor_vs_normal	CRC_DISEASE_SIGNATURE
209	1802	DPH2	0.9843788453	up	30	2	tumor_vs_normal	CRC_DISEASE_SIGNATURE
210	58533	SNX6	0.05877980521	up	30	2	tumor_vs_normal	CRC_DISEASE_SIGNATURE
211	147179	WIPF2	-0.2568566897	down	30	1	tumor_vs_normal	CRC_DISEASE_SIGNATURE
212	29937	NENF	0.5903152517	up	30	1	tumor_vs_normal	CRC_DISEASE_SIGNATURE
213	6184	RPN1	0.6563594792	up	30	1	tumor_vs_normal	CRC_DISEASE_SIGNATURE
214	9854	C2CD2L	-0.4001798849	down	30	1	tumor_vs_normal	CRC_DISEASE_SIGNATURE
215	2553	GABPB1	1.02350284	up	30	1	tumor_vs_normal	CRC_DISEASE_SIGNATURE
216	5440	POLR2K	0.3035302353	up	30	1	tumor_vs_normal	CRC_DISEASE_SIGNATURE
217	54623	PAF1	0.2724111367	up	30	1	tumor_vs_normal	CRC_DISEASE_SIGNATURE
218	9533	POLR1C	2.133948688	up	30	1	tumor_vs_normal	CRC_DISEASE_SIGNATURE
219	8607	RUVBL1	1.552866173	up	30	1	tumor_vs_normal	CRC_DISEASE_SIGNATURE
220	207	AKT1	0.2729013144	up	30	2	tumor_vs_normal	CRC_DISEASE_SIGNATURE
221	26054	SENP6	0.3681124095	up	30	1	tumor_vs_normal	CRC_DISEASE_SIGNATURE
222	10682	EBP	1.016575971	up	30	1	tumor_vs_normal	CRC_DISEASE_SIGNATURE
223	8573	CASK	1.250310358	up	30	1	tumor_vs_normal	CRC_DISEASE_SIGNATURE
224	23378	RRP8	0.60801659	up	30	1	tumor_vs_normal	CRC_DISEASE_SIGNATURE
225	8553	BHLHE40	1.445530903	up	30	1	tumor_vs_normal	CRC_DISEASE_SIGNATURE
226	622	BDH1	0.005879922937	up	30	3	tumor_vs_normal	CRC_DISEASE_SIGNATURE
227	9467	SH3BP5	0.003162491327	up	30	3	tumor_vs_normal	CRC_DISEASE_SIGNATURE
228	5525	PPP2R5A	-0.1215507065	down	30	1	tumor_vs_normal	CRC_DISEASE_SIGNATURE
229	256364	EML3	0.07601823733	up	30	1	tumor_vs_normal	CRC_DISEASE_SIGNATURE
230	332	BIRC5	0.4519412409	up	30	1	tumor_vs_normal	CRC_DISEASE_SIGNATURE
231	2058	EPRS	1.136273167	up	30	1	tumor_vs_normal	CRC_DISEASE_SIGNATURE
232	7849	PAX8	0.04591290208	up	30	2	tumor_vs_normal	CRC_DISEASE_SIGNATURE
234	7494	XBP1	0.7116999819	up	30	1	tumor_vs_normal	CRC_DISEASE_SIGNATURE
235	4836	NMT1	0.2958527007	up	30	1	tumor_vs_normal	CRC_DISEASE_SIGNATURE
236	23647	ARFIP2	0.01802170892	up	30	1	tumor_vs_normal	CRC_DISEASE_SIGNATURE
237	10617	STAMBP	0.2797884652	up	30	2	tumor_vs_normal	CRC_DISEASE_SIGNATURE
238	2184	FAH	0.4972155669	up	30	1	tumor_vs_normal	CRC_DISEASE_SIGNATURE
239	5355	PLP2	1.293571675	up	30	1	tumor_vs_normal	CRC_DISEASE_SIGNATURE
240	6659	SOX4	2.193094582	up	30	1	tumor_vs_normal	CRC_DISEASE_SIGNATURE
241	7016	TESK1	-0.04902428538	down	30	1	tumor_vs_normal	CRC_DISEASE_SIGNATURE
242	90861	HN1L	0.3940387845	up	30	1	tumor_vs_normal	CRC_DISEASE_SIGNATURE
243	10670	RRAGA	0.3038595622	up	30	1	tumor_vs_normal	CRC_DISEASE_SIGNATURE
244	79071	ELOVL6	-0.1416876132	down	30	1	tumor_vs_normal	CRC_DISEASE_SIGNATURE
245	64746	ACBD3	0.7195911699	up	30	1	tumor_vs_normal	CRC_DISEASE_SIGNATURE
246	5366	PMAIP1	0.8318469721	up	30	1	tumor_vs_normal	CRC_DISEASE_SIGNATURE
247	11344	TWF2	-0.002361298555	down	30	1	tumor_vs_normal	CRC_DISEASE_SIGNATURE
248	10013	HDAC6	0.1878226161	up	30	1	tumor_vs_normal	CRC_DISEASE_SIGNATURE
249	5829	PXN	-0.111447268	down	30	1	tumor_vs_normal	CRC_DISEASE_SIGNATURE
250	5257	PHKB	0.1075417397	up	30	3	tumor_vs_normal	CRC_DISEASE_SIGNATURE
251	22794	CASC3	0.4272085131	up	30	1	tumor_vs_normal	CRC_DISEASE_SIGNATURE
252	9761	MLEC	1.125633392	up	30	1	tumor_vs_normal	CRC_DISEASE_SIGNATURE
254	10972	TMED10	0.09102727766	up	30	1	tumor_vs_normal	CRC_DISEASE_SIGNATURE
255	10523	CHERP	0.6214327033	up	30	1	tumor_vs_normal	CRC_DISEASE_SIGNATURE
256	79090	TRAPPC6A	0.391034297	up	30	1	tumor_vs_normal	CRC_DISEASE_SIGNATURE
257	27032	ATP2C1	0.6708508613	up	30	2	tumor_vs_normal	CRC_DISEASE_SIGNATURE
258	9097	USP14	0.128913202	up	30	1	tumor_vs_normal	CRC_DISEASE_SIGNATURE
259	10513	APPBP2	-0.0462470149	down	30	1	tumor_vs_normal	CRC_DISEASE_SIGNATURE
260	1891	ECH1	-0.3156518563	down	30	1	tumor_vs_normal	CRC_DISEASE_SIGNATURE
261	3066	HDAC2	1.392390456	up	30	1	tumor_vs_normal	CRC_DISEASE_SIGNATURE
262	9801	MRPL19	1.073323339	up	30	1	tumor_vs_normal	CRC_DISEASE_SIGNATURE
263	1459	CSNK2A2	0.8895621488	up	30	1	tumor_vs_normal	CRC_DISEASE_SIGNATURE
264	9703	KIAA0100	0.3551148676	up	30	1	tumor_vs_normal	CRC_DISEASE_SIGNATURE
265	10606	PAICS	2.81205675	up	30	1	tumor_vs_normal	CRC_DISEASE_SIGNATURE
266	1017	CDK2	0.9390420946	up	30	2	tumor_vs_normal	CRC_DISEASE_SIGNATURE
267	9813	EFCAB14	-0.06756719518	down	30	1	tumor_vs_normal	CRC_DISEASE_SIGNATURE
268	7485	WRB	0.5731827177	up	30	1	tumor_vs_normal	CRC_DISEASE_SIGNATURE
269	2109	ETFB	0.003747604289	up	30	3	tumor_vs_normal	CRC_DISEASE_SIGNATURE
270	23271	CAMSAP2	0.3113526035	up	30	1	tumor_vs_normal	CRC_DISEASE_SIGNATURE
271	9915	ARNT2	-0.3484439245	down	30	1	tumor_vs_normal	CRC_DISEASE_SIGNATURE
272	9552	SPAG7	-0.1537695219	down	30	1	tumor_vs_normal	CRC_DISEASE_SIGNATURE
273	93487	MAPK1IP1L	0.3560331798	up	30	1	tumor_vs_normal	CRC_DISEASE_SIGNATURE
274	2956	MSH6	1.329771235	up	30	1	tumor_vs_normal	CRC_DISEASE_SIGNATURE
275	11065	UBE2C	1.011930978	up	30	1	tumor_vs_normal	CRC_DISEASE_SIGNATURE
276	9653	HS2ST1	0.5306666743	up	30	1	tumor_vs_normal	CRC_DISEASE_SIGNATURE
277	200081	TXLNA	0.5607619236	up	30	1	tumor_vs_normal	CRC_DISEASE_SIGNATURE
278	3337	DNAJB1	0.7030740048	up	30	1	tumor_vs_normal	CRC_DISEASE_SIGNATURE
279	11073	TOPBP1	0.9592103909	up	30	1	tumor_vs_normal	CRC_DISEASE_SIGNATURE
280	23	ABCF1	0.5965376191	up	30	1	tumor_vs_normal	CRC_DISEASE_SIGNATURE
281	5641	LGMN	-0.6391882345	down	30	1	tumor_vs_normal	CRC_DISEASE_SIGNATURE
282	8720	MBTPS1	0.4529036416	up	30	2	tumor_vs_normal	CRC_DISEASE_SIGNATURE
283	10782	ZNF274	0.2419452597	up	30	2	tumor_vs_normal	CRC_DISEASE_SIGNATURE
284	25932	CLIC4	-0.2288333159	down	30	1	tumor_vs_normal	CRC_DISEASE_SIGNATURE
285	3028	HSD17B10	1.091810684	up	30	1	tumor_vs_normal	CRC_DISEASE_SIGNATURE
286	6804	STX1A	1.658333632	up	30	1	tumor_vs_normal	CRC_DISEASE_SIGNATURE
287	890	CCNA2	2.5258799	up	30	1	tumor_vs_normal	CRC_DISEASE_SIGNATURE
288	6390	SDHB	0.1615669469	up	30	1	tumor_vs_normal	CRC_DISEASE_SIGNATURE
289	4303	FOXO4	-0.5860705774	down	30	1	tumor_vs_normal	CRC_DISEASE_SIGNATURE
290	10953	TOMM34	2.131372249	up	30	1	tumor_vs_normal	CRC_DISEASE_SIGNATURE
291	22889	KIAA0907	0.9593897573	up	30	1	tumor_vs_normal	CRC_DISEASE_SIGNATURE
292	3098	HK1	0.03549941474	up	30	3	tumor_vs_normal	CRC_DISEASE_SIGNATURE
293	11044	PAPD7	0.7602385151	up	30	1	tumor_vs_normal	CRC_DISEASE_SIGNATURE
294	8985	PLOD3	0.8371668963	up	30	1	tumor_vs_normal	CRC_DISEASE_SIGNATURE
295	66008	TRAK2	-0.6319431413	down	30	1	tumor_vs_normal	CRC_DISEASE_SIGNATURE
296	9217	VAPB	-0.1610937216	down	30	1	tumor_vs_normal	CRC_DISEASE_SIGNATURE
297	701	BUB1B	2.305024771	up	30	1	tumor_vs_normal	CRC_DISEASE_SIGNATURE
298	6182	MRPL12	0.9280396507	up	30	1	tumor_vs_normal	CRC_DISEASE_SIGNATURE
299	4860	PNP	1.028640736	up	30	1	tumor_vs_normal	CRC_DISEASE_SIGNATURE
300	7398	USP1	0.7380299573	up	30	3	tumor_vs_normal	CRC_DISEASE_SIGNATURE
301	6117	RPA1	0.3573274593	up	30	1	tumor_vs_normal	CRC_DISEASE_SIGNATURE
302	23588	KLHDC2	0.1137405106	up	30	1	tumor_vs_normal	CRC_DISEASE_SIGNATURE
303	949	SCARB1	0.9007723462	up	30	1	tumor_vs_normal	CRC_DISEASE_SIGNATURE
304	7168	TPM1	-0.2372127727	down	30	2	tumor_vs_normal	CRC_DISEASE_SIGNATURE
305	9375	TM9SF2	0.4513692014	up	30	1	tumor_vs_normal	CRC_DISEASE_SIGNATURE
306	4927	NUP88	0.9407081344	up	30	1	tumor_vs_normal	CRC_DISEASE_SIGNATURE
307	2523	FUT1	0.5908285892	up	30	1	tumor_vs_normal	CRC_DISEASE_SIGNATURE
309	6856	SYPL1	0.2392103788	up	30	3	tumor_vs_normal	CRC_DISEASE_SIGNATURE
310	26036	ZNF451	0.1882202817	up	30	3	tumor_vs_normal	CRC_DISEASE_SIGNATURE
311	10206	TRIM13	0.1925178101	up	30	2	tumor_vs_normal	CRC_DISEASE_SIGNATURE
312	25793	FBXO7	0.1334404805	up	30	3	tumor_vs_normal	CRC_DISEASE_SIGNATURE
313	55556	ENOSF1	0.3829597342	up	30	1	tumor_vs_normal	CRC_DISEASE_SIGNATURE
314	3978	LIG1	1.302861135	up	30	1	tumor_vs_normal	CRC_DISEASE_SIGNATURE
315	10681	GNB5	-0.009313885974	down	30	2	tumor_vs_normal	CRC_DISEASE_SIGNATURE
316	3638	INSIG1	0.9171771705	up	30	2	tumor_vs_normal	CRC_DISEASE_SIGNATURE
317	8349	HIST2H2BE	0.2975200273	up	30	1	tumor_vs_normal	CRC_DISEASE_SIGNATURE
318	6275	S100A4	-0.07418587205	down	30	2	tumor_vs_normal	CRC_DISEASE_SIGNATURE
320	392	ARHGAP1	-0.06093490438	down	30	1	tumor_vs_normal	CRC_DISEASE_SIGNATURE
321	9170	LPAR2	0.3772742646	up	30	1	tumor_vs_normal	CRC_DISEASE_SIGNATURE
323	23300	ATMIN	0.2338966251	up	30	1	tumor_vs_normal	CRC_DISEASE_SIGNATURE
324	836	CASP3	0.004950730005	up	30	2	tumor_vs_normal	CRC_DISEASE_SIGNATURE
325	11188	NISCH	-0.04175460622	down	30	1	tumor_vs_normal	CRC_DISEASE_SIGNATURE
326	10898	CPSF4	0.8181063739	up	30	1	tumor_vs_normal	CRC_DISEASE_SIGNATURE
327	9276	COPB2	0.8045440942	up	30	1	tumor_vs_normal	CRC_DISEASE_SIGNATURE
328	1647	GADD45A	-0.1749726927	down	30	1	tumor_vs_normal	CRC_DISEASE_SIGNATURE
329	10285	SMNDC1	0.912619759	up	30	1	tumor_vs_normal	CRC_DISEASE_SIGNATURE
330	23386	NUDCD3	0.7124231291	up	30	1	tumor_vs_normal	CRC_DISEASE_SIGNATURE
331	3156	HMGCR	0.2743288284	up	30	1	tumor_vs_normal	CRC_DISEASE_SIGNATURE
332	10237	SLC35B1	1.081666534	up	30	1	tumor_vs_normal	CRC_DISEASE_SIGNATURE
333	7077	TIMP2	-0.3691160385	down	30	2	tumor_vs_normal	CRC_DISEASE_SIGNATURE
334	11157	LSM6	0.6683714492	up	30	1	tumor_vs_normal	CRC_DISEASE_SIGNATURE
335	22908	SACM1L	0.02715331376	up	30	1	tumor_vs_normal	CRC_DISEASE_SIGNATURE
336	10915	TCERG1	1.063046112	up	30	1	tumor_vs_normal	CRC_DISEASE_SIGNATURE
337	9897	KIAA0196	0.9095766701	up	30	1	tumor_vs_normal	CRC_DISEASE_SIGNATURE
338	1759	DNM1	0.2770194927	up	30	1	tumor_vs_normal	CRC_DISEASE_SIGNATURE
339	54541	DDIT4	1.738008929	up	30	1	tumor_vs_normal	CRC_DISEASE_SIGNATURE
340	211	ALAS1	0.04697558631	up	30	2	tumor_vs_normal	CRC_DISEASE_SIGNATURE
341	5048	PAFAH1B1	-0.7420970286	down	30	1	tumor_vs_normal	CRC_DISEASE_SIGNATURE
342	84722	PSRC1	1.474600637	up	30	1	tumor_vs_normal	CRC_DISEASE_SIGNATURE
343	29890	RBM15B	0.4447867024	up	30	1	tumor_vs_normal	CRC_DISEASE_SIGNATURE
345	873	CBR1	0.3295041911	up	30	1	tumor_vs_normal	CRC_DISEASE_SIGNATURE
346	5580	PRKCD	-0.1466758667	down	30	2	tumor_vs_normal	CRC_DISEASE_SIGNATURE
347	3725	JUN	-0.006343109527	down	30	1	tumor_vs_normal	CRC_DISEASE_SIGNATURE
348	23585	TMEM50A	-0.03168272565	down	30	1	tumor_vs_normal	CRC_DISEASE_SIGNATURE
349	51097	SCCPDH	0.3587697171	up	30	1	tumor_vs_normal	CRC_DISEASE_SIGNATURE
350	1831	TSC22D3	0.006914980511	up	30	3	tumor_vs_normal	CRC_DISEASE_SIGNATURE
351	7020	TFAP2A	0.3842974387	up	30	2	tumor_vs_normal	CRC_DISEASE_SIGNATURE
352	55893	ZNF395	0.2349006189	up	30	1	tumor_vs_normal	CRC_DISEASE_SIGNATURE
353	6944	VPS72	0.7459043318	up	30	1	tumor_vs_normal	CRC_DISEASE_SIGNATURE
354	22883	CLSTN1	-0.3027373333	down	30	1	tumor_vs_normal	CRC_DISEASE_SIGNATURE
355	5601	MAPK9	0.7287778547	up	30	1	tumor_vs_normal	CRC_DISEASE_SIGNATURE
356	10775	POP4	0.520036307	up	30	1	tumor_vs_normal	CRC_DISEASE_SIGNATURE
357	4780	NFE2L2	0.4038527804	up	30	1	tumor_vs_normal	CRC_DISEASE_SIGNATURE
358	10904	BLCAP	0.5275977223	up	30	1	tumor_vs_normal	CRC_DISEASE_SIGNATURE
359	9917	FAM20B	0.2864402701	up	30	1	tumor_vs_normal	CRC_DISEASE_SIGNATURE
360	1399	CRKL	0.7386105753	up	30	1	tumor_vs_normal	CRC_DISEASE_SIGNATURE
361	24149	ZNF318	0.7869911157	up	30	1	tumor_vs_normal	CRC_DISEASE_SIGNATURE
362	2222	FDFT1	0.6802269899	up	30	1	tumor_vs_normal	CRC_DISEASE_SIGNATURE
363	10131	TRAP1	1.950037522	up	30	1	tumor_vs_normal	CRC_DISEASE_SIGNATURE
364	2958	GTF2A2	0.2766483416	up	30	1	tumor_vs_normal	CRC_DISEASE_SIGNATURE
365	9650	MTFR1	1.497708309	up	30	1	tumor_vs_normal	CRC_DISEASE_SIGNATURE
367	4817	NIT1	-0.08105351337	down	30	1	tumor_vs_normal	CRC_DISEASE_SIGNATURE
368	9143	SYNGR3	-0.04381373735	down	30	1	tumor_vs_normal	CRC_DISEASE_SIGNATURE
369	10494	STK25	0.6121128134	up	30	1	tumor_vs_normal	CRC_DISEASE_SIGNATURE
370	55324	ABCF3	0.3093263098	up	30	1	tumor_vs_normal	CRC_DISEASE_SIGNATURE
371	23149	FCHO1	0.7058522255	up	30	1	tumor_vs_normal	CRC_DISEASE_SIGNATURE
372	9943	OXSR1	0.4005780159	up	30	1	tumor_vs_normal	CRC_DISEASE_SIGNATURE
373	6599	SMARCC1	1.462305641	up	30	1	tumor_vs_normal	CRC_DISEASE_SIGNATURE
374	51031	GLOD4	0.1955125892	up	30	1	tumor_vs_normal	CRC_DISEASE_SIGNATURE
375	3566	IL4R	-0.213236737	down	30	1	tumor_vs_normal	CRC_DISEASE_SIGNATURE
376	3815	KIT	-0.90686177	down	30	1	tumor_vs_normal	CRC_DISEASE_SIGNATURE
377	8624	PSMG1	1.686701993	up	30	2	tumor_vs_normal	CRC_DISEASE_SIGNATURE
378	27346	TMEM97	2.47319978	up	30	1	tumor_vs_normal	CRC_DISEASE_SIGNATURE
379	10489	LRRC41	0.4977560238	up	30	1	tumor_vs_normal	CRC_DISEASE_SIGNATURE
380	26128	KIF1BP	0.3408732586	up	30	1	tumor_vs_normal	CRC_DISEASE_SIGNATURE
381	79921	TCEAL4	0.2017158188	up	30	2	tumor_vs_normal	CRC_DISEASE_SIGNATURE
382	55746	NUP133	0.8822914594	up	30	1	tumor_vs_normal	CRC_DISEASE_SIGNATURE
383	23636	NUP62	1.145444741	up	30	1	tumor_vs_normal	CRC_DISEASE_SIGNATURE
384	10892	MALT1	0.05353384556	up	30	1	tumor_vs_normal	CRC_DISEASE_SIGNATURE
385	10652	YKT6	0.0883159417	up	30	1	tumor_vs_normal	CRC_DISEASE_SIGNATURE
386	11004	KIF2C	2.090621471	up	30	1	tumor_vs_normal	CRC_DISEASE_SIGNATURE
387	23530	NNT	-0.02583656213	down	30	2	tumor_vs_normal	CRC_DISEASE_SIGNATURE
388	8826	IQGAP1	-0.1146305474	down	30	1	tumor_vs_normal	CRC_DISEASE_SIGNATURE
389	3308	HSPA4	0.54633889	up	30	2	tumor_vs_normal	CRC_DISEASE_SIGNATURE
390	7153	TOP2A	3.470076088	up	30	1	tumor_vs_normal	CRC_DISEASE_SIGNATURE
391	11041	B4GAT1	-0.03695579249	down	30	1	tumor_vs_normal	CRC_DISEASE_SIGNATURE
392	6342	SCP2	-0.1068303781	down	30	2	tumor_vs_normal	CRC_DISEASE_SIGNATURE
393	5883	RAD9A	0.3507901957	up	30	1	tumor_vs_normal	CRC_DISEASE_SIGNATURE
394	10589	DRAP1	0.9363448884	up	30	1	tumor_vs_normal	CRC_DISEASE_SIGNATURE
395	5110	PCMT1	0.154065638	up	30	1	tumor_vs_normal	CRC_DISEASE_SIGNATURE
396	4609	MYC	3.38194538	up	30	1	tumor_vs_normal	CRC_DISEASE_SIGNATURE
397	5423	POLB	1.373005921	up	30	1	tumor_vs_normal	CRC_DISEASE_SIGNATURE
398	1070	CETN3	0.31789536	up	30	1	tumor_vs_normal	CRC_DISEASE_SIGNATURE
399	10051	SMC4	0.88766523	up	30	2	tumor_vs_normal	CRC_DISEASE_SIGNATURE
401	9019	MPZL1	0.6895256619	up	30	2	tumor_vs_normal	CRC_DISEASE_SIGNATURE
402	10969	EBNA1BP2	1.749762343	up	30	1	tumor_vs_normal	CRC_DISEASE_SIGNATURE
403	9797	TATDN2	0.4045324972	up	30	1	tumor_vs_normal	CRC_DISEASE_SIGNATURE
404	4043	LRPAP1	0.2376366664	up	30	1	tumor_vs_normal	CRC_DISEASE_SIGNATURE
405	9519	TBPL1	0.790540339	up	30	1	tumor_vs_normal	CRC_DISEASE_SIGNATURE
406	8480	RAE1	0.3391763625	up	30	3	tumor_vs_normal	CRC_DISEASE_SIGNATURE
407	983	CDK1	2.587675633	up	30	2	tumor_vs_normal	CRC_DISEASE_SIGNATURE
408	10559	SLC35A1	0.1749130707	up	30	1	tumor_vs_normal	CRC_DISEASE_SIGNATURE
409	8508	NIPSNAP1	1.379384713	up	30	1	tumor_vs_normal	CRC_DISEASE_SIGNATURE
410	9275	BCL7B	-0.07940281461	down	30	1	tumor_vs_normal	CRC_DISEASE_SIGNATURE
411	8914	TIMELESS	1.85648387	up	30	1	tumor_vs_normal	CRC_DISEASE_SIGNATURE
412	54505	DHX29	0.3497192185	up	30	1	tumor_vs_normal	CRC_DISEASE_SIGNATURE
413	6919	TCEA2	-0.1494381587	down	30	3	tumor_vs_normal	CRC_DISEASE_SIGNATURE
414	2274	FHL2	0.1210134137	up	30	2	tumor_vs_normal	CRC_DISEASE_SIGNATURE
415	2288	FKBP4	1.012870965	up	30	1	tumor_vs_normal	CRC_DISEASE_SIGNATURE
416	7994	KAT6A	0.1438871438	up	30	1	tumor_vs_normal	CRC_DISEASE_SIGNATURE
417	4216	MAP3K4	0.2907321589	up	30	2	tumor_vs_normal	CRC_DISEASE_SIGNATURE
418	7538	ZFP36	-0.1036661375	down	30	1	tumor_vs_normal	CRC_DISEASE_SIGNATURE
419	3628	INPP1	0.2557885181	up	30	1	tumor_vs_normal	CRC_DISEASE_SIGNATURE
420	2037	EPB41L2	0.621832626	up	30	1	tumor_vs_normal	CRC_DISEASE_SIGNATURE
421	2771	GNAI2	0.2488975527	up	30	1	tumor_vs_normal	CRC_DISEASE_SIGNATURE
422	7264	TSTA3	1.287047588	up	30	1	tumor_vs_normal	CRC_DISEASE_SIGNATURE
423	1786	DNMT1	1.724363473	up	30	1	tumor_vs_normal	CRC_DISEASE_SIGNATURE
424	5873	RAB27A	0.001087339634	up	30	3	tumor_vs_normal	CRC_DISEASE_SIGNATURE
425	780	DDR1	0.3362085182	up	30	1	tumor_vs_normal	CRC_DISEASE_SIGNATURE
426	9926	LPGAT1	0.8180541361	up	30	1	tumor_vs_normal	CRC_DISEASE_SIGNATURE
427	8446	DUSP11	0.7180128735	up	30	1	tumor_vs_normal	CRC_DISEASE_SIGNATURE
428	7159	TP53BP2	0.6404071357	up	30	1	tumor_vs_normal	CRC_DISEASE_SIGNATURE
429	1026	CDKN1A	-0.2930502376	down	30	2	tumor_vs_normal	CRC_DISEASE_SIGNATURE
430	7082	TJP1	-0.3124205905	down	30	1	tumor_vs_normal	CRC_DISEASE_SIGNATURE
431	10058	ABCB6	0.6146976274	up	30	1	tumor_vs_normal	CRC_DISEASE_SIGNATURE
432	10797	MTHFD2	1.644828086	up	30	1	tumor_vs_normal	CRC_DISEASE_SIGNATURE
433	11230	PRAF2	0.06436436733	up	30	1	tumor_vs_normal	CRC_DISEASE_SIGNATURE
434	30836	DNTTIP2	0.4682479841	up	30	1	tumor_vs_normal	CRC_DISEASE_SIGNATURE
435	27336	HTATSF1	0.5008942791	up	30	1	tumor_vs_normal	CRC_DISEASE_SIGNATURE
436	9918	NCAPD2	1.453163437	up	30	1	tumor_vs_normal	CRC_DISEASE_SIGNATURE
437	79073	TMEM109	0.5439045546	up	30	1	tumor_vs_normal	CRC_DISEASE_SIGNATURE
438	9688	NUP93	1.320132208	up	30	1	tumor_vs_normal	CRC_DISEASE_SIGNATURE
439	23659	PLA2G15	0.2848179205	up	30	1	tumor_vs_normal	CRC_DISEASE_SIGNATURE
440	8396	PIP4K2B	0.2500148734	up	30	2	tumor_vs_normal	CRC_DISEASE_SIGNATURE
441	23077	MYCBP2	0.2882394611	up	30	1	tumor_vs_normal	CRC_DISEASE_SIGNATURE
442	10857	PGRMC1	0.4192068321	up	30	1	tumor_vs_normal	CRC_DISEASE_SIGNATURE
443	16	AARS	1.094341785	up	30	1	tumor_vs_normal	CRC_DISEASE_SIGNATURE
444	2817	GPC1	0.1474144092	up	30	1	tumor_vs_normal	CRC_DISEASE_SIGNATURE
445	60528	ELAC2	0.6559422038	up	30	1	tumor_vs_normal	CRC_DISEASE_SIGNATURE
446	5359	PLSCR1	0.5966659952	up	30	1	tumor_vs_normal	CRC_DISEASE_SIGNATURE
447	1514	CTSL	0.00462152705	up	30	2	tumor_vs_normal	CRC_DISEASE_SIGNATURE
448	1509	CTSD	-0.5445606015	down	30	1	tumor_vs_normal	CRC_DISEASE_SIGNATURE
449	9181	ARHGEF2	-0.07696352364	down	30	1	tumor_vs_normal	CRC_DISEASE_SIGNATURE
450	3611	ILK	-0.135519609	down	30	2	tumor_vs_normal	CRC_DISEASE_SIGNATURE
451	4783	NFIL3	0.3607851197	up	30	1	tumor_vs_normal	CRC_DISEASE_SIGNATURE
452	10123	ARL4C	0.1081661368	up	30	1	tumor_vs_normal	CRC_DISEASE_SIGNATURE
453	8895	CPNE3	0.7956822752	up	30	1	tumor_vs_normal	CRC_DISEASE_SIGNATURE
454	9805	SCRN1	0.1241363697	up	30	1	tumor_vs_normal	CRC_DISEASE_SIGNATURE
455	4125	MAN2B1	-0.1951423263	down	30	1	tumor_vs_normal	CRC_DISEASE_SIGNATURE
456	1635	DCTD	1.138276292	up	30	1	tumor_vs_normal	CRC_DISEASE_SIGNATURE
457	4154	MBNL1	-0.2228042253	down	30	2	tumor_vs_normal	CRC_DISEASE_SIGNATURE
458	26292	MYCBP	0.2919891575	up	30	1	tumor_vs_normal	CRC_DISEASE_SIGNATURE
459	5770	PTPN1	0.4777945584	up	30	1	tumor_vs_normal	CRC_DISEASE_SIGNATURE
460	25874	MPC2	0.5690485661	up	30	1	tumor_vs_normal	CRC_DISEASE_SIGNATURE
461	11319	ECD	0.6267947391	up	30	1	tumor_vs_normal	CRC_DISEASE_SIGNATURE
462	1153	CIRBP	-0.2768199042	down	30	1	tumor_vs_normal	CRC_DISEASE_SIGNATURE
463	11098	PRSS23	0.2265578481	up	30	1	tumor_vs_normal	CRC_DISEASE_SIGNATURE
464	8974	P4HA2	0.2608963791	up	30	1	tumor_vs_normal	CRC_DISEASE_SIGNATURE
465	533	ATP6V0B	0.3467637302	up	30	1	tumor_vs_normal	CRC_DISEASE_SIGNATURE
466	823	CAPN1	0.1550331509	up	30	1	tumor_vs_normal	CRC_DISEASE_SIGNATURE
467	6812	STXBP1	0.1358277965	up	30	2	tumor_vs_normal	CRC_DISEASE_SIGNATURE
468	3693	ITGB5	0.4882836764	up	30	1	tumor_vs_normal	CRC_DISEASE_SIGNATURE
469	4891	SLC11A2	1.633650328	up	30	1	tumor_vs_normal	CRC_DISEASE_SIGNATURE
470	10954	PDIA5	1.067382465	up	30	1	tumor_vs_normal	CRC_DISEASE_SIGNATURE
471	5909	RAP1GAP	0.2864242088	up	30	1	tumor_vs_normal	CRC_DISEASE_SIGNATURE
472	9221	NOLC1	1.389906402	up	30	1	tumor_vs_normal	CRC_DISEASE_SIGNATURE
473	847	CAT	0.2737560582	up	30	1	tumor_vs_normal	CRC_DISEASE_SIGNATURE
474	11072	DUSP14	1.178274206	up	30	1	tumor_vs_normal	CRC_DISEASE_SIGNATURE
475	10221	TRIB1	0.2218187628	up	30	1	tumor_vs_normal	CRC_DISEASE_SIGNATURE
476	7158	TP53BP1	0.5895037948	up	30	1	tumor_vs_normal	CRC_DISEASE_SIGNATURE
477	8678	BECN1	0.4209236812	up	30	1	tumor_vs_normal	CRC_DISEASE_SIGNATURE
478	11014	KDELR2	1.157670587	up	30	1	tumor_vs_normal	CRC_DISEASE_SIGNATURE
479	1994	ELAVL1	0.1120784779	up	30	1	tumor_vs_normal	CRC_DISEASE_SIGNATURE
480	3482	IGF2R	0.291524271	up	30	1	tumor_vs_normal	CRC_DISEASE_SIGNATURE
481	25976	TIPARP	-0.007838331805	down	30	1	tumor_vs_normal	CRC_DISEASE_SIGNATURE
482	10491	CRTAP	-0.4513665028	down	30	1	tumor_vs_normal	CRC_DISEASE_SIGNATURE
483	51053	GMNN	1.167272171	up	30	1	tumor_vs_normal	CRC_DISEASE_SIGNATURE
484	9267	CYTH1	-0.3487115287	down	30	1	tumor_vs_normal	CRC_DISEASE_SIGNATURE
485	5547	PRCP	0.3948127347	up	30	1	tumor_vs_normal	CRC_DISEASE_SIGNATURE
486	6597	SMARCA4	0.8287417941	up	30	1	tumor_vs_normal	CRC_DISEASE_SIGNATURE
487	5836	PYGL	0.2674969123	up	30	1	tumor_vs_normal	CRC_DISEASE_SIGNATURE
488	6118	RPA2	0.6065089383	up	30	1	tumor_vs_normal	CRC_DISEASE_SIGNATURE
489	2961	GTF2E2	0.7447980428	up	30	1	tumor_vs_normal	CRC_DISEASE_SIGNATURE
490	310	ANXA7	0.1841663811	up	30	2	tumor_vs_normal	CRC_DISEASE_SIGNATURE
491	7296	TXNRD1	0.5183612186	up	30	1	tumor_vs_normal	CRC_DISEASE_SIGNATURE
492	1429	CRYZ	1.144925639	up	30	1	tumor_vs_normal	CRC_DISEASE_SIGNATURE
493	2548	GAA	-0.06231112288	down	30	1	tumor_vs_normal	CRC_DISEASE_SIGNATURE
494	6499	SKIV2L	0.4130704414	up	30	1	tumor_vs_normal	CRC_DISEASE_SIGNATURE
495	642	BLMH	0.2166166453	up	30	1	tumor_vs_normal	CRC_DISEASE_SIGNATURE
496	23076	RRP1B	0.9855820525	up	30	1	tumor_vs_normal	CRC_DISEASE_SIGNATURE
497	10099	TSPAN3	-0.8572550381	down	30	2	tumor_vs_normal	CRC_DISEASE_SIGNATURE
498	9817	KEAP1	0.2316907856	up	30	2	tumor_vs_normal	CRC_DISEASE_SIGNATURE
499	9126	SMC3	0.6775483939	up	30	1	tumor_vs_normal	CRC_DISEASE_SIGNATURE
500	3930	LBR	0.2522988193	up	30	3	tumor_vs_normal	CRC_DISEASE_SIGNATURE
501	10450	PPIE	0.1912386958	up	30	2	tumor_vs_normal	CRC_DISEASE_SIGNATURE
502	54386	TERF2IP	-0.0333750682	down	30	1	tumor_vs_normal	CRC_DISEASE_SIGNATURE
503	664	BNIP3	0.5781849486	up	30	1	tumor_vs_normal	CRC_DISEASE_SIGNATURE
504	596	BCL2	0.004440509556	up	30	3	tumor_vs_normal	CRC_DISEASE_SIGNATURE
505	10180	RBM6	0.2766202628	up	30	1	tumor_vs_normal	CRC_DISEASE_SIGNATURE
506	1445	CSK	0.133702443	up	30	1	tumor_vs_normal	CRC_DISEASE_SIGNATURE
507	230	ALDOC	0.6581843445	up	30	1	tumor_vs_normal	CRC_DISEASE_SIGNATURE
508	9246	UBE2L6	0.0486329739	up	30	3	tumor_vs_normal	CRC_DISEASE_SIGNATURE
509	5092	PCBD1	1.376790276	up	30	2	tumor_vs_normal	CRC_DISEASE_SIGNATURE
510	23463	ICMT	0.3721594998	up	30	1	tumor_vs_normal	CRC_DISEASE_SIGNATURE
511	10007	GNPDA1	0.9890880455	up	30	1	tumor_vs_normal	CRC_DISEASE_SIGNATURE
512	4925	NUCB2	0.346108831	up	30	1	tumor_vs_normal	CRC_DISEASE_SIGNATURE
513	6251	RSU1	-0.1606292529	down	30	2	tumor_vs_normal	CRC_DISEASE_SIGNATURE
514	5782	PTPN12	0.9388533126	up	30	1	tumor_vs_normal	CRC_DISEASE_SIGNATURE
515	5106	PCK2	0.01688636565	up	30	3	tumor_vs_normal	CRC_DISEASE_SIGNATURE
516	2673	GFPT1	0.6567825432	up	30	1	tumor_vs_normal	CRC_DISEASE_SIGNATURE
517	644	BLVRA	-0.1814519538	down	30	1	tumor_vs_normal	CRC_DISEASE_SIGNATURE
518	6284	S100A13	0.06279580924	up	30	5	tumor_vs_normal	CRC_DISEASE_SIGNATURE
519	4605	MYBL2	0.08597856413	up	30	1	tumor_vs_normal	CRC_DISEASE_SIGNATURE
521	54499	TMCO1	-0.3702025744	down	30	1	tumor_vs_normal	CRC_DISEASE_SIGNATURE
522	11007	CCDC85B	0.0349722672	up	30	1	tumor_vs_normal	CRC_DISEASE_SIGNATURE
523	1643	DDB2	0.0796829664	up	30	1	tumor_vs_normal	CRC_DISEASE_SIGNATURE
524	25805	BAMBI	0.3133043128	up	30	1	tumor_vs_normal	CRC_DISEASE_SIGNATURE
525	3033	HADH	-0.03152329389	down	30	1	tumor_vs_normal	CRC_DISEASE_SIGNATURE
526	2745	GLRX	-0.01940319208	down	30	1	tumor_vs_normal	CRC_DISEASE_SIGNATURE
527	9961	MVP	-0.3823237407	down	30	1	tumor_vs_normal	CRC_DISEASE_SIGNATURE
528	3925	STMN1	0.3857520096	up	30	4	tumor_vs_normal	CRC_DISEASE_SIGNATURE
529	2582	GALE	0.09773623743	up	30	3	tumor_vs_normal	CRC_DISEASE_SIGNATURE
530	5792	PTPRF	-0.3374688259	down	30	1	tumor_vs_normal	CRC_DISEASE_SIGNATURE
531	5236	PGM1	-0.7794345227	down	30	1	tumor_vs_normal	CRC_DISEASE_SIGNATURE
532	4016	LOXL1	0.1510846736	up	30	2	tumor_vs_normal	CRC_DISEASE_SIGNATURE
533	4651	MYO10	0.8588557791	up	30	1	tumor_vs_normal	CRC_DISEASE_SIGNATURE
534	3988	LIPA	-0.4553797916	down	30	1	tumor_vs_normal	CRC_DISEASE_SIGNATURE
535	26227	PHGDH	0.9861763675	up	30	1	tumor_vs_normal	CRC_DISEASE_SIGNATURE
536	7982	ST7	0.7837506628	up	30	3	tumor_vs_normal	CRC_DISEASE_SIGNATURE
537	3551	IKBKB	0.5234874926	up	30	1	tumor_vs_normal	CRC_DISEASE_SIGNATURE
538	5108	PCM1	0.1990721736	up	30	1	tumor_vs_normal	CRC_DISEASE_SIGNATURE
539	8870	IER3	1.307682164	up	30	1	tumor_vs_normal	CRC_DISEASE_SIGNATURE
540	2195	FAT1	0.7576237974	up	30	1	tumor_vs_normal	CRC_DISEASE_SIGNATURE
541	8731	RNMT	0.5467312832	up	30	1	tumor_vs_normal	CRC_DISEASE_SIGNATURE
542	1956	EGFR	0.005153240653	up	30	4	tumor_vs_normal	CRC_DISEASE_SIGNATURE
543	10276	NET1	-0.2549638801	down	30	1	tumor_vs_normal	CRC_DISEASE_SIGNATURE
544	1666	DECR1	-0.02519208566	down	30	1	tumor_vs_normal	CRC_DISEASE_SIGNATURE
545	4864	NPC1	0.6616350581	up	30	1	tumor_vs_normal	CRC_DISEASE_SIGNATURE
546	4232	MEST	0.07154151123	up	30	3	tumor_vs_normal	CRC_DISEASE_SIGNATURE
547	5050	PAFAH1B3	1.554560517	up	30	1	tumor_vs_normal	CRC_DISEASE_SIGNATURE
548	813	CALU	1.123497605	up	30	1	tumor_vs_normal	CRC_DISEASE_SIGNATURE
549	3964	LGALS8	-0.003489945152	down	30	2	tumor_vs_normal	CRC_DISEASE_SIGNATURE
550	26020	LRP10	-0.4526750444	down	30	1	tumor_vs_normal	CRC_DISEASE_SIGNATURE
551	481	ATP1B1	-0.2302809566	down	30	2	tumor_vs_normal	CRC_DISEASE_SIGNATURE
552	5019	OXCT1	0.2094934817	up	30	1	tumor_vs_normal	CRC_DISEASE_SIGNATURE
553	291	SLC25A4	-0.1341715136	down	30	1	tumor_vs_normal	CRC_DISEASE_SIGNATURE
554	10973	ASCC3	0.4754709972	up	30	3	tumor_vs_normal	CRC_DISEASE_SIGNATURE
555	9697	TRAM2	0.002041174991	up	30	1	tumor_vs_normal	CRC_DISEASE_SIGNATURE
556	5831	PYCR1	1.288164846	up	30	2	tumor_vs_normal	CRC_DISEASE_SIGNATURE
557	8202	NCOA3	0.2392455786	up	30	1	tumor_vs_normal	CRC_DISEASE_SIGNATURE
558	57804	POLD4	-0.7368008901	down	30	1	tumor_vs_normal	CRC_DISEASE_SIGNATURE
559	5566	PRKACA	-0.01733746429	down	30	1	tumor_vs_normal	CRC_DISEASE_SIGNATURE
560	57149	LYRM1	0.5514222613	up	30	1	tumor_vs_normal	CRC_DISEASE_SIGNATURE
561	7416	VDAC1	0.7614778683	up	30	1	tumor_vs_normal	CRC_DISEASE_SIGNATURE
562	10174	SORBS3	0.01198777103	up	30	3	tumor_vs_normal	CRC_DISEASE_SIGNATURE
563	6676	SPAG4	0.2971875565	up	30	1	tumor_vs_normal	CRC_DISEASE_SIGNATURE
564	8884	SLC5A6	2.135400444	up	30	1	tumor_vs_normal	CRC_DISEASE_SIGNATURE
565	5997	RGS2	-0.4985119753	down	30	1	tumor_vs_normal	CRC_DISEASE_SIGNATURE
566	57147	SCYL3	0.07802017465	up	30	3	tumor_vs_normal	CRC_DISEASE_SIGNATURE
567	6909	TBX2	-0.4487926934	down	30	1	tumor_vs_normal	CRC_DISEASE_SIGNATURE
568	9093	DNAJA3	1.263257111	up	30	1	tumor_vs_normal	CRC_DISEASE_SIGNATURE
569	23142	DCUN1D4	-0.003533599352	down	30	1	tumor_vs_normal	CRC_DISEASE_SIGNATURE
570	8444	DYRK3	0.2457248659	up	30	2	tumor_vs_normal	CRC_DISEASE_SIGNATURE
571	11232	POLG2	1.12472081	up	30	1	tumor_vs_normal	CRC_DISEASE_SIGNATURE
572	27095	TRAPPC3	0.1436355186	up	30	1	tumor_vs_normal	CRC_DISEASE_SIGNATURE
573	10732	TCFL5	1.352643229	up	30	1	tumor_vs_normal	CRC_DISEASE_SIGNATURE
574	23029	RBM34	0.737497512	up	30	1	tumor_vs_normal	CRC_DISEASE_SIGNATURE
575	9270	ITGB1BP1	0.6122640562	up	30	2	tumor_vs_normal	CRC_DISEASE_SIGNATURE
576	47	ACLY	1.279746663	up	30	1	tumor_vs_normal	CRC_DISEASE_SIGNATURE
577	5889	RAD51C	0.5851876867	up	30	3	tumor_vs_normal	CRC_DISEASE_SIGNATURE
578	8243	SMC1A	-0.1273239995	down	30	1	tumor_vs_normal	CRC_DISEASE_SIGNATURE
580	30	ACAA1	-0.7585418133	down	30	1	tumor_vs_normal	CRC_DISEASE_SIGNATURE
581	7466	WFS1	0.1045830326	up	30	1	tumor_vs_normal	CRC_DISEASE_SIGNATURE
583	56654	NPDC1	0.5119716927	up	30	1	tumor_vs_normal	CRC_DISEASE_SIGNATURE
584	501	ALDH7A1	1.00255495	up	30	1	tumor_vs_normal	CRC_DISEASE_SIGNATURE
585	5438	POLR2I	0.746258641	up	30	1	tumor_vs_normal	CRC_DISEASE_SIGNATURE
586	26993	AKAP8L	0.0835369325	up	30	1	tumor_vs_normal	CRC_DISEASE_SIGNATURE
587	55111	PLEKHJ1	0.04400663919	up	30	1	tumor_vs_normal	CRC_DISEASE_SIGNATURE
588	8520	HAT1	0.7185732025	up	30	1	tumor_vs_normal	CRC_DISEASE_SIGNATURE
589	10146	G3BP1	1.133858893	up	30	1	tumor_vs_normal	CRC_DISEASE_SIGNATURE
590	7165	TPD52L2	1.062106046	up	30	1	tumor_vs_normal	CRC_DISEASE_SIGNATURE
591	55011	PIH1D1	0.4600208641	up	30	1	tumor_vs_normal	CRC_DISEASE_SIGNATURE
592	6461	SHB	0.7645893497	up	30	1	tumor_vs_normal	CRC_DISEASE_SIGNATURE
593	10813	UTP14A	1.426621147	up	30	1	tumor_vs_normal	CRC_DISEASE_SIGNATURE
594	80746	TSEN2	0.6823980143	up	30	1	tumor_vs_normal	CRC_DISEASE_SIGNATURE
595	10434	LYPLA1	0.8962486782	up	30	1	tumor_vs_normal	CRC_DISEASE_SIGNATURE
596	5607	MAP2K5	-0.07094125055	down	30	1	tumor_vs_normal	CRC_DISEASE_SIGNATURE
597	22827	PUF60	0.5832270194	up	30	1	tumor_vs_normal	CRC_DISEASE_SIGNATURE
598	51635	DHRS7	-0.01191944441	down	30	1	tumor_vs_normal	CRC_DISEASE_SIGNATURE
599	84159	ARID5B	0.9401551648	up	30	1	tumor_vs_normal	CRC_DISEASE_SIGNATURE
600	3508	IGHMBP2	0.2123293645	up	30	1	tumor_vs_normal	CRC_DISEASE_SIGNATURE
601	84890	ADO	0.6894273937	up	30	1	tumor_vs_normal	CRC_DISEASE_SIGNATURE
602	79600	TCTN1	0.7058855218	up	30	1	tumor_vs_normal	CRC_DISEASE_SIGNATURE
603	8574	AKR7A2	0.170821553	up	30	1	tumor_vs_normal	CRC_DISEASE_SIGNATURE
604	5529	PPP2R5E	0.474349319	up	30	1	tumor_vs_normal	CRC_DISEASE_SIGNATURE
605	3909	LAMA3	-0.2160761612	down	30	2	tumor_vs_normal	CRC_DISEASE_SIGNATURE
606	9637	FEZ2	-0.2603350982	down	30	1	tumor_vs_normal	CRC_DISEASE_SIGNATURE
607	8518	IKBKAP	0.1554628517	up	30	1	tumor_vs_normal	CRC_DISEASE_SIGNATURE
608	6443	SGCB	-0.08787444265	down	30	1	tumor_vs_normal	CRC_DISEASE_SIGNATURE
609	58478	ENOPH1	1.369467478	up	30	1	tumor_vs_normal	CRC_DISEASE_SIGNATURE
610	4850	CNOT4	0.1345959534	up	30	3	tumor_vs_normal	CRC_DISEASE_SIGNATURE
611	23210	JMJD6	0.04940713752	up	30	1	tumor_vs_normal	CRC_DISEASE_SIGNATURE
612	54733	SLC35F2	0.9949305072	up	30	1	tumor_vs_normal	CRC_DISEASE_SIGNATURE
613	55129	ANO10	-0.2867665305	down	30	1	tumor_vs_normal	CRC_DISEASE_SIGNATURE
614	10273	STUB1	0.1699583512	up	30	1	tumor_vs_normal	CRC_DISEASE_SIGNATURE
615	572	BAD	-0.07254631405	down	30	3	tumor_vs_normal	CRC_DISEASE_SIGNATURE
616	5716	PSMD10	0.9927439198	up	30	1	tumor_vs_normal	CRC_DISEASE_SIGNATURE
617	22841	RAB11FIP2	0.1999106588	up	30	1	tumor_vs_normal	CRC_DISEASE_SIGNATURE
618	2356	FPGS	0.05540631434	up	30	3	tumor_vs_normal	CRC_DISEASE_SIGNATURE
619	6050	RNH1	0.3901849693	up	30	1	tumor_vs_normal	CRC_DISEASE_SIGNATURE
620	64422	ATG3	0.7879433177	up	30	1	tumor_vs_normal	CRC_DISEASE_SIGNATURE
621	8837	CFLAR	-0.6686701085	down	30	1	tumor_vs_normal	CRC_DISEASE_SIGNATURE
622	55127	HEATR1	1.891413959	up	30	1	tumor_vs_normal	CRC_DISEASE_SIGNATURE
623	23335	WDR7	-0.2930039708	down	30	1	tumor_vs_normal	CRC_DISEASE_SIGNATURE
624	10270	AKAP8	0.4194038236	up	30	1	tumor_vs_normal	CRC_DISEASE_SIGNATURE
625	6509	SLC1A4	0.2735214135	up	30	1	tumor_vs_normal	CRC_DISEASE_SIGNATURE
626	83743	GRWD1	0.8854966142	up	30	1	tumor_vs_normal	CRC_DISEASE_SIGNATURE
627	6772	STAT1	0.6469850467	up	30	3	tumor_vs_normal	CRC_DISEASE_SIGNATURE
628	22887	FOXJ3	-0.2489395256	down	30	1	tumor_vs_normal	CRC_DISEASE_SIGNATURE
629	51001	MTERF3	1.415799128	up	30	1	tumor_vs_normal	CRC_DISEASE_SIGNATURE
630	26511	CHIC2	0.3411541761	up	30	1	tumor_vs_normal	CRC_DISEASE_SIGNATURE
631	7874	USP7	0.4701799143	up	30	1	tumor_vs_normal	CRC_DISEASE_SIGNATURE
632	51070	NOSIP	0.3589834923	up	30	1	tumor_vs_normal	CRC_DISEASE_SIGNATURE
633	1738	DLD	0.3041200049	up	30	1	tumor_vs_normal	CRC_DISEASE_SIGNATURE
634	3416	IDE	0.7882765153	up	30	1	tumor_vs_normal	CRC_DISEASE_SIGNATURE
635	9128	PRPF4	1.31819399	up	30	1	tumor_vs_normal	CRC_DISEASE_SIGNATURE
636	9833	MELK	2.412169168	up	30	1	tumor_vs_normal	CRC_DISEASE_SIGNATURE
637	4088	SMAD3	-0.3041139348	down	30	1	tumor_vs_normal	CRC_DISEASE_SIGNATURE
638	5018	OXA1L	0.5665604579	up	30	1	tumor_vs_normal	CRC_DISEASE_SIGNATURE
639	51375	SNX7	0.08108302292	up	30	3	tumor_vs_normal	CRC_DISEASE_SIGNATURE
640	55038	CDCA4	1.576663599	up	30	2	tumor_vs_normal	CRC_DISEASE_SIGNATURE
641	23061	TBC1D9B	0.5013348654	up	30	1	tumor_vs_normal	CRC_DISEASE_SIGNATURE
642	64428	NARFL	0.5941549385	up	30	1	tumor_vs_normal	CRC_DISEASE_SIGNATURE
643	11325	DDX42	0.2341511735	up	30	2	tumor_vs_normal	CRC_DISEASE_SIGNATURE
644	9641	IKBKE	0.4021692482	up	30	1	tumor_vs_normal	CRC_DISEASE_SIGNATURE
645	23038	WDTC1	0.0304563308	up	30	1	tumor_vs_normal	CRC_DISEASE_SIGNATURE
646	57048	PLSCR3	0.1431916329	up	30	1	tumor_vs_normal	CRC_DISEASE_SIGNATURE
647	94239	H2AFV	0.2938401303	up	30	1	tumor_vs_normal	CRC_DISEASE_SIGNATURE
648	51203	NUSAP1	2.496650736	up	30	1	tumor_vs_normal	CRC_DISEASE_SIGNATURE
649	388650	FAM69A	-0.01101564848	down	30	1	tumor_vs_normal	CRC_DISEASE_SIGNATURE
650	23039	XPO7	-8.50476271e-05	down	30	1	tumor_vs_normal	CRC_DISEASE_SIGNATURE
651	55179	FAIM	0.06722139672	up	30	4	tumor_vs_normal	CRC_DISEASE_SIGNATURE
652	5827	PXMP2	-0.7593505436	down	30	2	tumor_vs_normal	CRC_DISEASE_SIGNATURE
653	10245	TIMM17B	0.9164467519	up	30	1	tumor_vs_normal	CRC_DISEASE_SIGNATURE
654	6813	STXBP2	-0.1805078086	down	30	1	tumor_vs_normal	CRC_DISEASE_SIGNATURE
655	3251	HPRT1	1.611591042	up	30	1	tumor_vs_normal	CRC_DISEASE_SIGNATURE
656	23212	RRS1	1.987353388	up	30	1	tumor_vs_normal	CRC_DISEASE_SIGNATURE
657	23536	ADAT1	0.1383274937	up	30	1	tumor_vs_normal	CRC_DISEASE_SIGNATURE
658	51282	SCAND1	0.3595591228	up	30	2	tumor_vs_normal	CRC_DISEASE_SIGNATURE
659	10227	MFSD10	0.7051463831	up	30	1	tumor_vs_normal	CRC_DISEASE_SIGNATURE
660	50813	COPS7A	0.3929730566	up	30	1	tumor_vs_normal	CRC_DISEASE_SIGNATURE
661	51024	FIS1	0.1919567441	up	30	1	tumor_vs_normal	CRC_DISEASE_SIGNATURE
662	53343	NUDT9	0.1907181375	up	30	2	tumor_vs_normal	CRC_DISEASE_SIGNATURE
663	1465	CSRP1	-0.7765776503	down	30	1	tumor_vs_normal	CRC_DISEASE_SIGNATURE
664	79006	METRN	0.03279091794	up	30	1	tumor_vs_normal	CRC_DISEASE_SIGNATURE
665	6988	TCTA	-0.02450048438	down	30	1	tumor_vs_normal	CRC_DISEASE_SIGNATURE
666	11011	TLK2	-0.1597336352	down	30	1	tumor_vs_normal	CRC_DISEASE_SIGNATURE
667	23325	KIAA1033	0.470091352	up	30	1	tumor_vs_normal	CRC_DISEASE_SIGNATURE
668	10049	DNAJB6	0.2466452328	up	30	1	tumor_vs_normal	CRC_DISEASE_SIGNATURE
669	3157	HMGCS1	0.790325001	up	30	1	tumor_vs_normal	CRC_DISEASE_SIGNATURE
670	200734	SPRED2	-0.2528546064	down	30	1	tumor_vs_normal	CRC_DISEASE_SIGNATURE
671	9053	MAP7	1.195467193	up	30	1	tumor_vs_normal	CRC_DISEASE_SIGNATURE
672	79094	CHAC1	0.4561244003	up	30	1	tumor_vs_normal	CRC_DISEASE_SIGNATURE
673	2778	GNAS	0.01980501856	up	30	3	tumor_vs_normal	CRC_DISEASE_SIGNATURE
674	54881	TEX10	1.146458937	up	30	1	tumor_vs_normal	CRC_DISEASE_SIGNATURE
675	54807	ZNF586	0.2760064358	up	30	1	tumor_vs_normal	CRC_DISEASE_SIGNATURE
676	323	APBB2	0.1017672116	up	30	1	tumor_vs_normal	CRC_DISEASE_SIGNATURE
677	26001	RNF167	-0.2066119908	down	30	1	tumor_vs_normal	CRC_DISEASE_SIGNATURE
678	10190	TXNDC9	0.5452509473	up	30	1	tumor_vs_normal	CRC_DISEASE_SIGNATURE
679	9686	VGLL4	0.7047238421	up	30	1	tumor_vs_normal	CRC_DISEASE_SIGNATURE
680	54915	YTHDF1	1.160905979	up	30	1	tumor_vs_normal	CRC_DISEASE_SIGNATURE
681	23658	LSM5	1.415573676	up	30	1	tumor_vs_normal	CRC_DISEASE_SIGNATURE
682	7750	ZMYM2	0.8188473556	up	30	1	tumor_vs_normal	CRC_DISEASE_SIGNATURE
683	79643	CHMP6	-0.03423548796	down	30	1	tumor_vs_normal	CRC_DISEASE_SIGNATURE
684	9488	PIGB	0.2752659633	up	30	1	tumor_vs_normal	CRC_DISEASE_SIGNATURE
685	11200	CHEK2	0.05285863115	up	30	2	tumor_vs_normal	CRC_DISEASE_SIGNATURE
686	65057	ACD	0.9497263627	up	30	1	tumor_vs_normal	CRC_DISEASE_SIGNATURE
687	6832	SUPV3L1	0.9080583529	up	30	1	tumor_vs_normal	CRC_DISEASE_SIGNATURE
688	23131	GPATCH8	0.1856033125	up	30	1	tumor_vs_normal	CRC_DISEASE_SIGNATURE
689	10776	ARPP19	0.364730898	up	30	1	tumor_vs_normal	CRC_DISEASE_SIGNATURE
690	6253	RTN2	0.05233766071	up	30	2	tumor_vs_normal	CRC_DISEASE_SIGNATURE
691	79716	NPEPL1	0.6159419687	up	30	1	tumor_vs_normal	CRC_DISEASE_SIGNATURE
692	29978	UBQLN2	0.4090339582	up	30	1	tumor_vs_normal	CRC_DISEASE_SIGNATURE
693	9988	DMTF1	0.1272352636	up	30	1	tumor_vs_normal	CRC_DISEASE_SIGNATURE
694	10845	CLPX	0.7713751949	up	30	1	tumor_vs_normal	CRC_DISEASE_SIGNATURE
695	54957	TXNL4B	0.4233013528	up	30	1	tumor_vs_normal	CRC_DISEASE_SIGNATURE
696	79170	PRR15L	-0.2772067088	down	30	1	tumor_vs_normal	CRC_DISEASE_SIGNATURE
697	10610	ST6GALNAC2	-0.3463155767	down	30	1	tumor_vs_normal	CRC_DISEASE_SIGNATURE
698	128	ADH5	0.03330837015	up	30	1	tumor_vs_normal	CRC_DISEASE_SIGNATURE
699	51026	GOLT1B	0.905842258	up	30	1	tumor_vs_normal	CRC_DISEASE_SIGNATURE
700	5498	PPOX	0.2216539977	up	30	1	tumor_vs_normal	CRC_DISEASE_SIGNATURE
701	124583	CANT1	0.1349563131	up	30	1	tumor_vs_normal	CRC_DISEASE_SIGNATURE
703	1212	CLTB	-0.2283168054	down	30	2	tumor_vs_normal	CRC_DISEASE_SIGNATURE
704	5255	PHKA1	0.7722424605	up	30	1	tumor_vs_normal	CRC_DISEASE_SIGNATURE
705	9448	MAP4K4	0.3313350827	up	30	2	tumor_vs_normal	CRC_DISEASE_SIGNATURE
706	9924	PAN2	0.9398392915	up	30	1	tumor_vs_normal	CRC_DISEASE_SIGNATURE
707	5480	PPIC	-0.3931270299	down	30	1	tumor_vs_normal	CRC_DISEASE_SIGNATURE
708	1983	EIF5	-0.01295218713	down	30	3	tumor_vs_normal	CRC_DISEASE_SIGNATURE
709	56889	TM9SF3	0.348384438	up	30	1	tumor_vs_normal	CRC_DISEASE_SIGNATURE
710	79080	CCDC86	0.03118693969	up	30	1	tumor_vs_normal	CRC_DISEASE_SIGNATURE
712	6915	TBXA2R	0.02362121621	up	30	3	tumor_vs_normal	CRC_DISEASE_SIGNATURE
713	9709	HERPUD1	-0.403437394	down	30	1	tumor_vs_normal	CRC_DISEASE_SIGNATURE
714	116832	RPL39L	0.1854286899	up	30	1	tumor_vs_normal	CRC_DISEASE_SIGNATURE
715	670	BPHL	0.4559131584	up	30	1	tumor_vs_normal	CRC_DISEASE_SIGNATURE
716	7867	MAPKAPK3	1.218515282	up	30	1	tumor_vs_normal	CRC_DISEASE_SIGNATURE
717	79143	MBOAT7	-0.06163022541	down	30	1	tumor_vs_normal	CRC_DISEASE_SIGNATURE
718	11284	PNKP	0.6298435661	up	30	1	tumor_vs_normal	CRC_DISEASE_SIGNATURE
719	23443	SLC35A3	-0.6321376801	down	30	1	tumor_vs_normal	CRC_DISEASE_SIGNATURE
720	51599	LSR	0.1315872263	up	30	2	tumor_vs_normal	CRC_DISEASE_SIGNATURE
722	55793	FAM63A	-0.3022224746	down	30	2	tumor_vs_normal	CRC_DISEASE_SIGNATURE
723	5867	RAB4A	0.1192249659	up	30	1	tumor_vs_normal	CRC_DISEASE_SIGNATURE
724	7866	IFRD2	1.657711004	up	30	1	tumor_vs_normal	CRC_DISEASE_SIGNATURE
725	25825	BACE2	1.53256589	up	30	1	tumor_vs_normal	CRC_DISEASE_SIGNATURE
726	4067	LYN	0.9681201213	up	30	1	tumor_vs_normal	CRC_DISEASE_SIGNATURE
727	51015	ISOC1	0.4854380196	up	30	1	tumor_vs_normal	CRC_DISEASE_SIGNATURE
728	5891	MOK	0.6674911737	up	30	1	tumor_vs_normal	CRC_DISEASE_SIGNATURE
729	3300	DNAJB2	-0.08185174303	down	30	1	tumor_vs_normal	CRC_DISEASE_SIGNATURE
730	64781	CERK	-0.2026701583	down	30	2	tumor_vs_normal	CRC_DISEASE_SIGNATURE
731	51056	LAP3	0.5864147454	up	30	1	tumor_vs_normal	CRC_DISEASE_SIGNATURE
732	8550	MAPKAPK5	1.039400223	up	30	1	tumor_vs_normal	CRC_DISEASE_SIGNATURE
733	50810	HDGFRP3	-0.07661925732	down	30	1	tumor_vs_normal	CRC_DISEASE_SIGNATURE
734	23011	RAB21	0.6173069832	up	30	1	tumor_vs_normal	CRC_DISEASE_SIGNATURE
735	11168	PSIP1	0.1437458858	up	30	2	tumor_vs_normal	CRC_DISEASE_SIGNATURE
736	1385	CREB1	0.3494419643	up	30	1	tumor_vs_normal	CRC_DISEASE_SIGNATURE
737	10150	MBNL2	0.2486782798	up	30	2	tumor_vs_normal	CRC_DISEASE_SIGNATURE
738	29763	PACSIN3	0.3212955429	up	30	1	tumor_vs_normal	CRC_DISEASE_SIGNATURE
739	9112	MTA1	0.889603665	up	30	1	tumor_vs_normal	CRC_DISEASE_SIGNATURE
740	23499	MACF1	-0.2249153581	down	30	2	tumor_vs_normal	CRC_DISEASE_SIGNATURE
741	85236	HIST1H2BK	-0.2803929062	down	30	2	tumor_vs_normal	CRC_DISEASE_SIGNATURE
742	5096	PCCB	0.8616493223	up	30	1	tumor_vs_normal	CRC_DISEASE_SIGNATURE
743	55620	STAP2	-0.7661248312	down	30	1	tumor_vs_normal	CRC_DISEASE_SIGNATURE
744	5373	PMM2	0.9997644556	up	30	1	tumor_vs_normal	CRC_DISEASE_SIGNATURE
745	51170	HSD17B11	-0.9873831998	down	30	1	tumor_vs_normal	CRC_DISEASE_SIGNATURE
746	54850	FBXL12	0.1087941222	up	30	1	tumor_vs_normal	CRC_DISEASE_SIGNATURE
747	80349	WDR61	0.889642611	up	30	1	tumor_vs_normal	CRC_DISEASE_SIGNATURE
749	1062	CENPE	1.967751478	up	30	1	tumor_vs_normal	CRC_DISEASE_SIGNATURE
750	8804	CREG1	0.8224421276	up	30	1	tumor_vs_normal	CRC_DISEASE_SIGNATURE
751	80758	PRR7	1.394157424	up	30	1	tumor_vs_normal	CRC_DISEASE_SIGNATURE
752	375346	TMEM110	0.1791804193	up	30	1	tumor_vs_normal	CRC_DISEASE_SIGNATURE
753	51385	ZNF589	0.435727874	up	30	1	tumor_vs_normal	CRC_DISEASE_SIGNATURE
754	55748	CNDP2	0.04925570949	up	30	1	tumor_vs_normal	CRC_DISEASE_SIGNATURE
755	10318	TNIP1	-0.3749221221	down	30	1	tumor_vs_normal	CRC_DISEASE_SIGNATURE
757	7905	REEP5	-0.1071054491	down	30	1	tumor_vs_normal	CRC_DISEASE_SIGNATURE
758	28969	BZW2	1.5656456	up	30	1	tumor_vs_normal	CRC_DISEASE_SIGNATURE
759	10668	CGRRF1	-0.4370944077	down	30	1	tumor_vs_normal	CRC_DISEASE_SIGNATURE
760	51005	AMDHD2	0.093640823	up	30	1	tumor_vs_normal	CRC_DISEASE_SIGNATURE
761	8800	PEX11A	-0.4128999446	down	30	1	tumor_vs_normal	CRC_DISEASE_SIGNATURE
762	54438	GFOD1	-0.2237414702	down	30	1	tumor_vs_normal	CRC_DISEASE_SIGNATURE
763	55825	PECR	0.1953939885	up	30	1	tumor_vs_normal	CRC_DISEASE_SIGNATURE
764	8835	SOCS2	-0.4580182546	down	30	1	tumor_vs_normal	CRC_DISEASE_SIGNATURE
765	64429	ZDHHC6	0.6736753839	up	30	1	tumor_vs_normal	CRC_DISEASE_SIGNATURE
766	3682	ITGAE	0.1591104502	up	30	1	tumor_vs_normal	CRC_DISEASE_SIGNATURE
767	10329	TMEM5	1.319045618	up	30	1	tumor_vs_normal	CRC_DISEASE_SIGNATURE
768	27109	ATP5S	0.5387732602	up	30	2	tumor_vs_normal	CRC_DISEASE_SIGNATURE
769	51335	NGRN	0.3302212545	up	30	1	tumor_vs_normal	CRC_DISEASE_SIGNATURE
770	3202	HOXA5	0.03974253926	up	30	1	tumor_vs_normal	CRC_DISEASE_SIGNATURE
771	2896	GRN	-0.3051674048	down	30	2	tumor_vs_normal	CRC_DISEASE_SIGNATURE
772	79902	NUP85	1.288378636	up	30	1	tumor_vs_normal	CRC_DISEASE_SIGNATURE
773	29083	GTPBP8	0.427878827	up	30	1	tumor_vs_normal	CRC_DISEASE_SIGNATURE
774	5747	PTK2	0.4830942517	up	30	2	tumor_vs_normal	CRC_DISEASE_SIGNATURE
775	22905	EPN2	0.0681109656	up	30	2	tumor_vs_normal	CRC_DISEASE_SIGNATURE
776	63933	MCUR1	0.1920428317	up	30	1	tumor_vs_normal	CRC_DISEASE_SIGNATURE
777	9847	C2CD5	0.1213213082	up	30	1	tumor_vs_normal	CRC_DISEASE_SIGNATURE
778	51021	MRPS16	0.1754578291	up	30	1	tumor_vs_normal	CRC_DISEASE_SIGNATURE
779	8996	NOL3	0.5963676823	up	30	1	tumor_vs_normal	CRC_DISEASE_SIGNATURE
780	7376	NR1H2	-0.0688301279	down	30	1	tumor_vs_normal	CRC_DISEASE_SIGNATURE
781	5357	PLS1	-0.7310475435	down	30	1	tumor_vs_normal	CRC_DISEASE_SIGNATURE
782	56940	DUSP22	-0.07918791272	down	30	2	tumor_vs_normal	CRC_DISEASE_SIGNATURE
783	6195	RPS6KA1	-0.2662024866	down	30	2	tumor_vs_normal	CRC_DISEASE_SIGNATURE
784	1633	DCK	0.7505232405	up	30	1	tumor_vs_normal	CRC_DISEASE_SIGNATURE
785	23321	TRIM2	0.9648930737	up	30	1	tumor_vs_normal	CRC_DISEASE_SIGNATURE
786	51160	VPS28	0.0114988924	up	30	1	tumor_vs_normal	CRC_DISEASE_SIGNATURE
788	2063	NR2F6	-0.3237972608	down	30	1	tumor_vs_normal	CRC_DISEASE_SIGNATURE
789	54512	EXOSC4	1.098554078	up	30	1	tumor_vs_normal	CRC_DISEASE_SIGNATURE
790	9124	PDLIM1	-0.3943590708	down	30	1	tumor_vs_normal	CRC_DISEASE_SIGNATURE
791	79174	CRELD2	0.05572465068	up	30	1	tumor_vs_normal	CRC_DISEASE_SIGNATURE
792	23223	RRP12	1.71784736	up	30	1	tumor_vs_normal	CRC_DISEASE_SIGNATURE
793	39	ACAT2	0.8287573682	up	30	1	tumor_vs_normal	CRC_DISEASE_SIGNATURE
794	57215	THAP11	0.4574648431	up	30	1	tumor_vs_normal	CRC_DISEASE_SIGNATURE
795	1052	CEBPD	0.0434916843	up	30	1	tumor_vs_normal	CRC_DISEASE_SIGNATURE
796	23139	MAST2	-0.6483609014	down	30	1	tumor_vs_normal	CRC_DISEASE_SIGNATURE
797	79947	DHDDS	-0.6935181567	down	30	1	tumor_vs_normal	CRC_DISEASE_SIGNATURE
798	4616	GADD45B	0.0827148805	up	30	1	tumor_vs_normal	CRC_DISEASE_SIGNATURE
799	9710	KIAA0355	0.2544470591	up	30	1	tumor_vs_normal	CRC_DISEASE_SIGNATURE
800	6990	DYNLT3	0.4546902782	up	30	1	tumor_vs_normal	CRC_DISEASE_SIGNATURE
801	29082	CHMP4A	0.0910730452	up	30	1	tumor_vs_normal	CRC_DISEASE_SIGNATURE
802	9670	IPO13	0.1055567657	up	30	1	tumor_vs_normal	CRC_DISEASE_SIGNATURE
803	81533	ITFG1	-0.1369490838	down	30	1	tumor_vs_normal	CRC_DISEASE_SIGNATURE
804	10525	HYOU1	1.122659484	up	30	1	tumor_vs_normal	CRC_DISEASE_SIGNATURE
805	2353	FOS	-0.372911984	down	30	1	tumor_vs_normal	CRC_DISEASE_SIGNATURE
806	57192	MCOLN1	-0.4980148005	down	30	1	tumor_vs_normal	CRC_DISEASE_SIGNATURE
807	3398	ID2	-0.3704799651	down	30	1	tumor_vs_normal	CRC_DISEASE_SIGNATURE
808	3775	KCNK1	-0.2496836547	down	30	1	tumor_vs_normal	CRC_DISEASE_SIGNATURE
809	26064	RAI14	0.4407811883	up	30	1	tumor_vs_normal	CRC_DISEASE_SIGNATURE
810	29103	DNAJC15	0.3238603081	up	30	1	tumor_vs_normal	CRC_DISEASE_SIGNATURE
811	3206	HOXA10	0.4132460117	up	30	2	tumor_vs_normal	CRC_DISEASE_SIGNATURE
812	1500	CTNND1	-0.1387873179	down	30	1	tumor_vs_normal	CRC_DISEASE_SIGNATURE
814	29911	HOOK2	0.3979463565	up	30	1	tumor_vs_normal	CRC_DISEASE_SIGNATURE
815	2064	ERBB2	0.03631365495	up	30	3	tumor_vs_normal	CRC_DISEASE_SIGNATURE
816	65123	INTS3	0.5451697795	up	30	1	tumor_vs_normal	CRC_DISEASE_SIGNATURE
817	5986	RFNG	0.1887582065	up	30	2	tumor_vs_normal	CRC_DISEASE_SIGNATURE
818	85377	MICALL1	-0.005696086317	down	30	1	tumor_vs_normal	CRC_DISEASE_SIGNATURE
819	9903	KLHL21	0.5876176123	up	30	1	tumor_vs_normal	CRC_DISEASE_SIGNATURE
820	7088	TLE1	0.05343684514	up	30	1	tumor_vs_normal	CRC_DISEASE_SIGNATURE
821	22796	COG2	0.3119070105	up	30	1	tumor_vs_normal	CRC_DISEASE_SIGNATURE
822	51116	MRPS2	1.042814948	up	30	1	tumor_vs_normal	CRC_DISEASE_SIGNATURE
823	54442	KCTD5	0.7273901019	up	30	1	tumor_vs_normal	CRC_DISEASE_SIGNATURE
824	10695	CNPY3	0.5607110669	up	30	2	tumor_vs_normal	CRC_DISEASE_SIGNATURE
825	102	ADAM10	0.04143847279	up	30	1	tumor_vs_normal	CRC_DISEASE_SIGNATURE
826	965	CD58	0.08744321302	up	30	1	tumor_vs_normal	CRC_DISEASE_SIGNATURE
828	10362	HMG20B	0.2068425757	up	30	1	tumor_vs_normal	CRC_DISEASE_SIGNATURE
829	5300	PIN1	0.3028384659	up	30	1	tumor_vs_normal	CRC_DISEASE_SIGNATURE
830	8270	LAGE3	1.629369511	up	30	1	tumor_vs_normal	CRC_DISEASE_SIGNATURE
831	27242	TNFRSF21	-0.1299718476	down	30	1	tumor_vs_normal	CRC_DISEASE_SIGNATURE
832	9928	KIF14	1.641231076	up	30	1	tumor_vs_normal	CRC_DISEASE_SIGNATURE
833	1534	CYB561	0.3890712824	up	30	2	tumor_vs_normal	CRC_DISEASE_SIGNATURE
834	5654	HTRA1	0.6145659999	up	30	1	tumor_vs_normal	CRC_DISEASE_SIGNATURE
835	10810	WASF3	0.0006630452891	up	30	1	tumor_vs_normal	CRC_DISEASE_SIGNATURE
836	7105	TSPAN6	0.919167248	up	30	1	tumor_vs_normal	CRC_DISEASE_SIGNATURE
837	23014	FBXO21	0.8434640635	up	30	1	tumor_vs_normal	CRC_DISEASE_SIGNATURE
838	55012	PPP2R3C	-0.03418991983	down	30	1	tumor_vs_normal	CRC_DISEASE_SIGNATURE
839	2887	GRB10	0.05144249783	up	30	3	tumor_vs_normal	CRC_DISEASE_SIGNATURE
840	9183	ZW10	0.1803100305	up	30	1	tumor_vs_normal	CRC_DISEASE_SIGNATURE
841	11151	CORO1A	-0.578939526	down	30	1	tumor_vs_normal	CRC_DISEASE_SIGNATURE
842	7511	XPNPEP1	0.425653747	up	30	1	tumor_vs_normal	CRC_DISEASE_SIGNATURE
843	10046	MAMLD1	-0.19588482	down	30	1	tumor_vs_normal	CRC_DISEASE_SIGNATURE
844	1829	DSG2	-0.335328152	down	30	1	tumor_vs_normal	CRC_DISEASE_SIGNATURE
845	11000	SLC27A3	0.1179319665	up	30	1	tumor_vs_normal	CRC_DISEASE_SIGNATURE
846	976	ADGRE5	0.1308085618	up	30	2	tumor_vs_normal	CRC_DISEASE_SIGNATURE
847	3597	IL13RA1	0.3202852275	up	30	1	tumor_vs_normal	CRC_DISEASE_SIGNATURE
848	178	AGL	0.04009798297	up	30	5	tumor_vs_normal	CRC_DISEASE_SIGNATURE
849	2625	GATA3	-0.1077265086	down	30	1	tumor_vs_normal	CRC_DISEASE_SIGNATURE
850	6119	RPA3	1.401371653	up	30	1	tumor_vs_normal	CRC_DISEASE_SIGNATURE
851	26136	TES	-0.06975922606	down	30	2	tumor_vs_normal	CRC_DISEASE_SIGNATURE
852	6697	SPR	0.1055036054	up	30	1	tumor_vs_normal	CRC_DISEASE_SIGNATURE
853	5971	RELB	-0.1844296234	down	30	1	tumor_vs_normal	CRC_DISEASE_SIGNATURE
854	22934	RPIA	1.578089682	up	30	1	tumor_vs_normal	CRC_DISEASE_SIGNATURE
855	9289	ADGRG1	0.9449176576	up	30	2	tumor_vs_normal	CRC_DISEASE_SIGNATURE
856	4931	NVL	0.05397715269	up	30	2	tumor_vs_normal	CRC_DISEASE_SIGNATURE
857	4200	ME2	0.1325817255	up	30	1	tumor_vs_normal	CRC_DISEASE_SIGNATURE
858	93594	TBC1D31	1.239648262	up	30	1	tumor_vs_normal	CRC_DISEASE_SIGNATURE
859	5982	RFC2	0.3586910533	up	30	2	tumor_vs_normal	CRC_DISEASE_SIGNATURE
860	26520	TIMM9	1.319345717	up	30	1	tumor_vs_normal	CRC_DISEASE_SIGNATURE
861	4998	ORC1	1.097342505	up	30	1	tumor_vs_normal	CRC_DISEASE_SIGNATURE
862	10038	PARP2	0.5897836234	up	30	1	tumor_vs_normal	CRC_DISEASE_SIGNATURE
863	60493	FASTKD5	0.6045311473	up	30	1	tumor_vs_normal	CRC_DISEASE_SIGNATURE
864	51495	HACD3	1.755280373	up	30	1	tumor_vs_normal	CRC_DISEASE_SIGNATURE
865	4482	MSRA	-0.3305922597	down	30	1	tumor_vs_normal	CRC_DISEASE_SIGNATURE
866	23224	SYNE2	0.04516347535	up	30	4	tumor_vs_normal	CRC_DISEASE_SIGNATURE
867	9690	UBE3C	0.8888175402	up	30	1	tumor_vs_normal	CRC_DISEASE_SIGNATURE
868	80212	CCDC92	0.1619370849	up	30	1	tumor_vs_normal	CRC_DISEASE_SIGNATURE
869	29928	TIMM22	-0.1615703578	down	30	1	tumor_vs_normal	CRC_DISEASE_SIGNATURE
870	22809	ATF5	0.1916047569	up	30	1	tumor_vs_normal	CRC_DISEASE_SIGNATURE
871	50814	NSDHL	1.375977318	up	30	1	tumor_vs_normal	CRC_DISEASE_SIGNATURE
872	55256	ADI1	0.3052227808	up	30	1	tumor_vs_normal	CRC_DISEASE_SIGNATURE
874	81544	GDPD5	1.386635706	up	30	1	tumor_vs_normal	CRC_DISEASE_SIGNATURE
875	6894	TARBP1	1.595161228	up	30	1	tumor_vs_normal	CRC_DISEASE_SIGNATURE
876	64080	RBKS	-0.4311924174	down	30	1	tumor_vs_normal	CRC_DISEASE_SIGNATURE
877	55818	KDM3A	0.172512753	up	30	1	tumor_vs_normal	CRC_DISEASE_SIGNATURE
878	637	BID	0.5592854467	up	30	2	tumor_vs_normal	CRC_DISEASE_SIGNATURE
879	22823	MTF2	0.2958041358	up	30	1	tumor_vs_normal	CRC_DISEASE_SIGNATURE
880	5287	PIK3C2B	0.06712396805	up	30	1	tumor_vs_normal	CRC_DISEASE_SIGNATURE
881	91137	SLC25A46	0.09705889533	up	30	1	tumor_vs_normal	CRC_DISEASE_SIGNATURE
882	23097	CDK19	-0.1041038306	down	30	1	tumor_vs_normal	CRC_DISEASE_SIGNATURE
883	9851	KIAA0753	0.2984645797	up	30	1	tumor_vs_normal	CRC_DISEASE_SIGNATURE
884	23522	KAT6B	-0.181380559	down	30	1	tumor_vs_normal	CRC_DISEASE_SIGNATURE
885	1123	CHN1	0.3015038998	up	30	2	tumor_vs_normal	CRC_DISEASE_SIGNATURE
886	5603	MAPK13	0.03752539886	up	30	1	tumor_vs_normal	CRC_DISEASE_SIGNATURE
887	51569	UFM1	0.6291253861	up	30	1	tumor_vs_normal	CRC_DISEASE_SIGNATURE
888	55699	IARS2	0.9461981665	up	30	1	tumor_vs_normal	CRC_DISEASE_SIGNATURE
889	2624	GATA2	0.03595104778	up	30	1	tumor_vs_normal	CRC_DISEASE_SIGNATURE
890	8204	NRIP1	-0.1679194217	down	30	1	tumor_vs_normal	CRC_DISEASE_SIGNATURE
891	9133	CCNB2	2.413972889	up	30	1	tumor_vs_normal	CRC_DISEASE_SIGNATURE
892	10921	RNPS1	1.021757493	up	30	1	tumor_vs_normal	CRC_DISEASE_SIGNATURE
893	51742	ARID4B	0.2756930981	up	30	1	tumor_vs_normal	CRC_DISEASE_SIGNATURE
895	27244	SESN1	0.2444149272	up	30	1	tumor_vs_normal	CRC_DISEASE_SIGNATURE
896	23013	SPEN	0.2801854833	up	30	1	tumor_vs_normal	CRC_DISEASE_SIGNATURE
897	8050	PDHX	0.866967005	up	30	1	tumor_vs_normal	CRC_DISEASE_SIGNATURE
898	79961	DENND2D	0.6030854209	up	30	1	tumor_vs_normal	CRC_DISEASE_SIGNATURE
899	2017	CTTN	0.3923337353	up	30	2	tumor_vs_normal	CRC_DISEASE_SIGNATURE
900	55148	UBR7	0.1323850965	up	30	3	tumor_vs_normal	CRC_DISEASE_SIGNATURE
901	960	CD44	1.146602236	up	30	2	tumor_vs_normal	CRC_DISEASE_SIGNATURE
902	10451	VAV3	0.07355514295	up	30	1	tumor_vs_normal	CRC_DISEASE_SIGNATURE
903	57406	ABHD6	-0.1715052842	down	30	1	tumor_vs_normal	CRC_DISEASE_SIGNATURE
904	51719	CAB39	-0.5394277753	down	30	1	tumor_vs_normal	CRC_DISEASE_SIGNATURE
905	7074	TIAM1	-0.1520375812	down	30	1	tumor_vs_normal	CRC_DISEASE_SIGNATURE
906	10059	DNM1L	0.596486346	up	30	2	tumor_vs_normal	CRC_DISEASE_SIGNATURE
907	51071	DERA	-0.01525143858	down	30	1	tumor_vs_normal	CRC_DISEASE_SIGNATURE
908	5796	PTPRK	0.4466118295	up	30	1	tumor_vs_normal	CRC_DISEASE_SIGNATURE
909	55008	HERC6	-0.07141527898	down	30	1	tumor_vs_normal	CRC_DISEASE_SIGNATURE
910	23597	ACOT9	0.9787182837	up	30	1	tumor_vs_normal	CRC_DISEASE_SIGNATURE
911	8869	ST3GAL5	-0.492988721	down	30	1	tumor_vs_normal	CRC_DISEASE_SIGNATURE
912	8727	CTNNAL1	0.6278341943	up	30	1	tumor_vs_normal	CRC_DISEASE_SIGNATURE
913	63874	ABHD4	-0.1203198663	down	30	1	tumor_vs_normal	CRC_DISEASE_SIGNATURE
914	8821	INPP4B	0.1011423914	up	30	1	tumor_vs_normal	CRC_DISEASE_SIGNATURE
915	57178	ZMIZ1	-0.6326324225	down	30	1	tumor_vs_normal	CRC_DISEASE_SIGNATURE
916	5468	PPARG	0.03547334516	up	30	3	tumor_vs_normal	CRC_DISEASE_SIGNATURE
917	10557	RPP38	0.2902846787	up	30	2	tumor_vs_normal	CRC_DISEASE_SIGNATURE
919	9531	BAG3	0.2691469208	up	30	1	tumor_vs_normal	CRC_DISEASE_SIGNATURE
920	2767	GNA11	-0.7315590682	down	30	1	tumor_vs_normal	CRC_DISEASE_SIGNATURE
921	1861	TOR1A	0.3559739327	up	30	1	tumor_vs_normal	CRC_DISEASE_SIGNATURE
922	10165	SLC25A13	0.3667833634	up	30	1	tumor_vs_normal	CRC_DISEASE_SIGNATURE
923	7106	TSPAN4	-0.02615610815	down	30	3	tumor_vs_normal	CRC_DISEASE_SIGNATURE
924	2908	NR3C1	0.002162051994	up	30	3	tumor_vs_normal	CRC_DISEASE_SIGNATURE
925	57761	TRIB3	2.754119636	up	30	1	tumor_vs_normal	CRC_DISEASE_SIGNATURE
926	23338	JADE2	0.09534737359	up	30	1	tumor_vs_normal	CRC_DISEASE_SIGNATURE
927	7852	CXCR4	-0.02088637051	down	30	3	tumor_vs_normal	CRC_DISEASE_SIGNATURE
928	55033	FKBP14	0.3853110913	up	30	1	tumor_vs_normal	CRC_DISEASE_SIGNATURE
929	57019	CIAPIN1	1.05949345	up	30	1	tumor_vs_normal	CRC_DISEASE_SIGNATURE
930	91949	COG7	-0.07360730421	down	30	1	tumor_vs_normal	CRC_DISEASE_SIGNATURE
931	84617	TUBB6	-0.117501594	down	30	1	tumor_vs_normal	CRC_DISEASE_SIGNATURE
932	25	ABL1	0.1294195015	up	30	3	tumor_vs_normal	CRC_DISEASE_SIGNATURE
933	899	CCNF	1.754029794	up	30	1	tumor_vs_normal	CRC_DISEASE_SIGNATURE
934	79850	FAM57A	1.579453775	up	30	1	tumor_vs_normal	CRC_DISEASE_SIGNATURE
935	51466	EVL	-1.067415756	down	30	1	tumor_vs_normal	CRC_DISEASE_SIGNATURE
936	2852	GPER1	-0.9570429457	down	30	2	tumor_vs_normal	CRC_DISEASE_SIGNATURE
937	55837	EAPP	-0.3553142382	down	30	1	tumor_vs_normal	CRC_DISEASE_SIGNATURE
938	2131	EXT1	-0.1317153476	down	30	1	tumor_vs_normal	CRC_DISEASE_SIGNATURE
939	5427	POLE2	1.564129235	up	30	1	tumor_vs_normal	CRC_DISEASE_SIGNATURE
940	25966	C2CD2	0.5474475902	up	30	1	tumor_vs_normal	CRC_DISEASE_SIGNATURE
941	55608	ANKRD10	0.6745728236	up	30	1	tumor_vs_normal	CRC_DISEASE_SIGNATURE
942	1662	DDX10	1.613563482	up	30	1	tumor_vs_normal	CRC_DISEASE_SIGNATURE
943	9702	CEP57	0.6450853308	up	30	1	tumor_vs_normal	CRC_DISEASE_SIGNATURE
944	11031	RAB31	0.3651953255	up	30	1	tumor_vs_normal	CRC_DISEASE_SIGNATURE
945	10057	ABCC5	-0.1933229572	down	30	3	tumor_vs_normal	CRC_DISEASE_SIGNATURE
946	5985	RFC5	0.8828796879	up	30	2	tumor_vs_normal	CRC_DISEASE_SIGNATURE
947	3280	HES1	0.662691499	up	30	1	tumor_vs_normal	CRC_DISEASE_SIGNATURE
948	55958	KLHL9	0.6255816608	up	30	1	tumor_vs_normal	CRC_DISEASE_SIGNATURE
949	51465	UBE2J1	-0.7344973685	down	30	1	tumor_vs_normal	CRC_DISEASE_SIGNATURE
950	2542	SLC37A4	0.8300425156	up	30	1	tumor_vs_normal	CRC_DISEASE_SIGNATURE
951	10641	NPRL2	0.7487613271	up	30	1	tumor_vs_normal	CRC_DISEASE_SIGNATURE
952	11137	PWP1	1.204685918	up	30	1	tumor_vs_normal	CRC_DISEASE_SIGNATURE
953	9842	PLEKHM1	-0.01750594855	down	30	1	tumor_vs_normal	CRC_DISEASE_SIGNATURE
954	10493	VAT1	0.02793141861	up	30	1	tumor_vs_normal	CRC_DISEASE_SIGNATURE
955	10112	KIF20A	2.37537663	up	30	1	tumor_vs_normal	CRC_DISEASE_SIGNATURE
956	1001	CDH3	3.283004384	up	30	1	tumor_vs_normal	CRC_DISEASE_SIGNATURE
957	23635	SSBP2	-0.7850487549	down	30	1	tumor_vs_normal	CRC_DISEASE_SIGNATURE
958	29916	SNX11	0.03035209163	up	30	2	tumor_vs_normal	CRC_DISEASE_SIGNATURE
959	2810	SFN	-0.3728362541	down	30	1	tumor_vs_normal	CRC_DISEASE_SIGNATURE
960	5993	RFX5	0.5975768164	up	30	1	tumor_vs_normal	CRC_DISEASE_SIGNATURE
961	11142	PKIG	-0.1514824992	down	30	2	tumor_vs_normal	CRC_DISEASE_SIGNATURE
963	51382	ATP6V1D	-0.3041269085	down	30	1	tumor_vs_normal	CRC_DISEASE_SIGNATURE
964	8318	CDC45	1.634904701	up	30	1	tumor_vs_normal	CRC_DISEASE_SIGNATURE
965	9695	EDEM1	0.01105753149	up	30	1	tumor_vs_normal	CRC_DISEASE_SIGNATURE
967	64943	NT5DC2	1.516940819	up	30	1	tumor_vs_normal	CRC_DISEASE_SIGNATURE
968	9738	CCP110	0.532617242	up	30	1	tumor_vs_normal	CRC_DISEASE_SIGNATURE
969	6793	STK10	0.1422904071	up	30	1	tumor_vs_normal	CRC_DISEASE_SIGNATURE
970	7358	UGDH	-1.109960445	down	30	1	tumor_vs_normal	CRC_DISEASE_SIGNATURE
971	58472	SQRDL	-0.9486933736	down	30	1	tumor_vs_normal	CRC_DISEASE_SIGNATURE
972	50865	HEBP1	0.3524438968	up	30	1	tumor_vs_normal	CRC_DISEASE_SIGNATURE
973	23200	ATP11B	0.07357998758	up	30	1	tumor_vs_normal	CRC_DISEASE_SIGNATURE
974	51293	CD320	0.4866518394	up	30	1	tumor_vs_normal	CRC_DISEASE_SIGNATURE
975	10962	MLLT11	0.0197834836	up	30	1	tumor_vs_normal	CRC_DISEASE_SIGNATURE
976	10153	CEBPZ	1.009217809	up	30	1	tumor_vs_normal	CRC_DISEASE_SIGNATURE
977	874	CBR3	0.3554900958	up	30	1	tumor_vs_normal	CRC_DISEASE_SIGNATURE
